Initialized native services in: C:\Users\Brad Wong\.gradle\native
Initialized jansi services in: C:\Users\Brad Wong\.gradle\native
The client will now receive all logging from the daemon (pid: 5172). The daemon log file: C:\Users\Brad Wong\.gradle\daemon\8.12\daemon-5172.out.log
Starting 7th build in daemon [uptime: 10 mins 36.581 secs, performance: 100%, GC rate: 0.00/s, heap usage: 0% of 1.5 GiB]
Using 12 worker leases.
Now considering [C:\Users\Brad Wong\Documents\GitHub\KarinFLiX] as hierarchies to watch
Watching the file system is configured to be enabled if available
File system watching is active
Starting Build
Settings evaluated using settings file 'C:\Users\Brad Wong\Documents\GitHub\KarinFLiX\settings.gradle'.
Projects loaded. Root project using build file 'C:\Users\Brad Wong\Documents\GitHub\KarinFLiX\build.gradle'.
Included projects: [root project 'KarinFLiX', project ':app']

> Configure project :
Evaluating root project 'KarinFLiX' using build file 'C:\Users\Brad Wong\Documents\GitHub\KarinFLiX\build.gradle'.

> Configure project :app
Evaluating project ':app' using build file 'C:\Users\Brad Wong\Documents\GitHub\KarinFLiX\app\build.gradle'.
Resolved plugin [id: 'com.android.application']
Resolved plugin [id: 'org.jetbrains.kotlin.android']
Resolved plugin [id: 'kotlin-parcelize']
Resolved plugin [id: 'org.jetbrains.kotlin.plugin.serialization']
Using default execution profile
Build 3b9703a8-6dc8-4d3c-8861-c9496460b22c is started
Using Kotlin Gradle Plugin gradle811 variant
All projects evaluated.
Task path ':app:mergeDebugResources' matched project ':app'
Task name matched 'mergeDebugResources'
Selected primary task 'mergeDebugResources' from project :app
Tasks to be executed: [task ':app:preBuild', task ':app:preDebugBuild', task ':app:generateDebugResValues', task ':app:generateDebugResources', task ':app:mergeDebugResources']
Tasks that were excluded: []
Resolve mutations for :app:preBuild (Thread[Execution worker,5,main]) started.
:app:preBuild (Thread[Execution worker,5,main]) started.

> Task :app:preBuild UP-TO-DATE
Skipping task ':app:preBuild' as it has no actions.
Resolve mutations for :app:preDebugBuild (Thread[Execution worker,5,main]) started.
:app:preDebugBuild (Thread[Execution worker,5,main]) started.

> Task :app:preDebugBuild UP-TO-DATE
Skipping task ':app:preDebugBuild' as it has no actions.
Resolve mutations for :app:generateDebugResValues (Thread[Execution worker,5,main]) started.
:app:generateDebugResValues (Thread[Execution worker,5,main]) started.

> Task :app:generateDebugResValues UP-TO-DATE
Caching disabled for task ':app:generateDebugResValues' because:
  Build cache is disabled
Skipping task ':app:generateDebugResValues' as it is up-to-date.
Resolve mutations for :app:generateDebugResources (Thread[Execution worker,5,main]) started.
:app:generateDebugResources (Thread[Execution worker,5,main]) started.

> Task :app:generateDebugResources UP-TO-DATE
Caching disabled for task ':app:generateDebugResources' because:
  Build cache is disabled
Skipping task ':app:generateDebugResources' as it is up-to-date.
Resolve mutations for :app:mergeDebugResources (Thread[Execution worker,5,main]) started.
:app:mergeDebugResources (Thread[Execution worker,5,main]) started.

> Task :app:mergeDebugResources
Caching disabled for task ':app:mergeDebugResources' because:
  Build cache is disabled
Task ':app:mergeDebugResources' is not up-to-date because:
  Output property 'blameLogOutputFolder' file C:\Users\Brad Wong\Documents\GitHub\KarinFLiX\app\build\intermediates\merged_res_blame_folder\debug\mergeDebugResources\out has been removed.
  Output property 'blameLogOutputFolder' file C:\Users\Brad Wong\Documents\GitHub\KarinFLiX\app\build\intermediates\merged_res_blame_folder\debug\mergeDebugResources\out\multi-v2 has been removed.
  Output property 'blameLogOutputFolder' file C:\Users\Brad Wong\Documents\GitHub\KarinFLiX\app\build\intermediates\merged_res_blame_folder\debug\mergeDebugResources\out\multi-v2\mergeDebugResources.json has been removed.
  and more...
The input changes require a full rebuild for incremental task ':app:mergeDebugResources'.
[MergeResources] Inputs are non-incremental full task action.
Compiling XML table C:\Users\Brad Wong\Documents\GitHub\KarinFLiX\app\build\intermediates\incremental\debug\mergeDebugResources\merged.dir\values-pt\values-pt.xml to C:\Users\Brad Wong\Documents\GitHub\KarinFLiX\app\build\intermediates\merged_res\debug\mergeDebugResources\values-pt_values-pt.arsc.flat
Compiling XML table C:\Users\Brad Wong\Documents\GitHub\KarinFLiX\app\build\intermediates\incremental\debug\mergeDebugResources\merged.dir\values-hi\values-hi.xml to C:\Users\Brad Wong\Documents\GitHub\KarinFLiX\app\build\intermediates\merged_res\debug\mergeDebugResources\values-hi_values-hi.arsc.flat
Compiling XML table C:\Users\Brad Wong\Documents\GitHub\KarinFLiX\app\build\intermediates\incremental\debug\mergeDebugResources\merged.dir\values-watch-v21\values-watch-v21.xml to C:\Users\Brad Wong\Documents\GitHub\KarinFLiX\app\build\intermediates\merged_res\debug\mergeDebugResources\values-watch-v21_values-watch-v21.arsc.flat
Compiling XML table C:\Users\Brad Wong\Documents\GitHub\KarinFLiX\app\build\intermediates\incremental\debug\mergeDebugResources\merged.dir\values-watch-v20\values-watch-v20.xml to C:\Users\Brad Wong\Documents\GitHub\KarinFLiX\app\build\intermediates\merged_res\debug\mergeDebugResources\values-watch-v20_values-watch-v20.arsc.flat
Compiling XML table C:\Users\Brad Wong\Documents\GitHub\KarinFLiX\app\build\intermediates\incremental\debug\mergeDebugResources\merged.dir\values-hr\values-hr.xml to C:\Users\Brad Wong\Documents\GitHub\KarinFLiX\app\build\intermediates\merged_res\debug\mergeDebugResources\values-hr_values-hr.arsc.flat
Compiling XML table C:\Users\Brad Wong\Documents\GitHub\KarinFLiX\app\build\intermediates\incremental\debug\mergeDebugResources\merged.dir\values-hu\values-hu.xml to C:\Users\Brad Wong\Documents\GitHub\KarinFLiX\app\build\intermediates\merged_res\debug\mergeDebugResources\values-hu_values-hu.arsc.flat
Compiling XML table C:\Users\Brad Wong\Documents\GitHub\KarinFLiX\app\build\intermediates\incremental\debug\mergeDebugResources\merged.dir\values-hy\values-hy.xml to C:\Users\Brad Wong\Documents\GitHub\KarinFLiX\app\build\intermediates\merged_res\debug\mergeDebugResources\values-hy_values-hy.arsc.flat
Compiling XML table C:\Users\Brad Wong\Documents\GitHub\KarinFLiX\app\build\intermediates\incremental\debug\mergeDebugResources\merged.dir\values-h320dp-port-v13\values-h320dp-port-v13.xml to C:\Users\Brad Wong\Documents\GitHub\KarinFLiX\app\build\intermediates\merged_res\debug\mergeDebugResources\values-h320dp-port-v13_values-h320dp-port-v13.arsc.flat
Compiling XML table C:\Users\Brad Wong\Documents\GitHub\KarinFLiX\app\build\intermediates\incremental\debug\mergeDebugResources\merged.dir\values\values.xml to C:\Users\Brad Wong\Documents\GitHub\KarinFLiX\app\build\intermediates\merged_res\debug\mergeDebugResources\values_values.arsc.flat
Compiling XML table C:\Users\Brad Wong\Documents\GitHub\KarinFLiX\app\build\intermediates\incremental\debug\mergeDebugResources\merged.dir\values-v16\values-v16.xml to C:\Users\Brad Wong\Documents\GitHub\KarinFLiX\app\build\intermediates\merged_res\debug\mergeDebugResources\values-v16_values-v16.arsc.flat
Compiling XML table C:\Users\Brad Wong\Documents\GitHub\KarinFLiX\app\build\intermediates\incremental\debug\mergeDebugResources\merged.dir\values-v18\values-v18.xml to C:\Users\Brad Wong\Documents\GitHub\KarinFLiX\app\build\intermediates\merged_res\debug\mergeDebugResources\values-v18_values-v18.arsc.flat
Compiling XML table C:\Users\Brad Wong\Documents\GitHub\KarinFLiX\app\build\intermediates\incremental\debug\mergeDebugResources\merged.dir\values-v17\values-v17.xml to C:\Users\Brad Wong\Documents\GitHub\KarinFLiX\app\build\intermediates\merged_res\debug\mergeDebugResources\values-v17_values-v17.arsc.flat
Compiling XML table C:\Users\Brad Wong\Documents\GitHub\KarinFLiX\app\build\intermediates\incremental\debug\mergeDebugResources\merged.dir\values-am\values-am.xml to C:\Users\Brad Wong\Documents\GitHub\KarinFLiX\app\build\intermediates\merged_res\debug\mergeDebugResources\values-am_values-am.arsc.flat
Compiling XML table C:\Users\Brad Wong\Documents\GitHub\KarinFLiX\app\build\intermediates\incremental\debug\mergeDebugResources\merged.dir\values-af\values-af.xml to C:\Users\Brad Wong\Documents\GitHub\KarinFLiX\app\build\intermediates\merged_res\debug\mergeDebugResources\values-af_values-af.arsc.flat
Compiling XML table C:\Users\Brad Wong\Documents\GitHub\KarinFLiX\app\build\intermediates\incremental\debug\mergeDebugResources\merged.dir\values-it\values-it.xml to C:\Users\Brad Wong\Documents\GitHub\KarinFLiX\app\build\intermediates\merged_res\debug\mergeDebugResources\values-it_values-it.arsc.flat
Compiling XML table C:\Users\Brad Wong\Documents\GitHub\KarinFLiX\app\build\intermediates\incremental\debug\mergeDebugResources\merged.dir\values-in\values-in.xml to C:\Users\Brad Wong\Documents\GitHub\KarinFLiX\app\build\intermediates\merged_res\debug\mergeDebugResources\values-in_values-in.arsc.flat
Compiling XML table C:\Users\Brad Wong\Documents\GitHub\KarinFLiX\app\build\intermediates\incremental\debug\mergeDebugResources\merged.dir\values-b+sr+Latn\values-b+sr+Latn.xml to C:\Users\Brad Wong\Documents\GitHub\KarinFLiX\app\build\intermediates\merged_res\debug\mergeDebugResources\values-b+sr+Latn_values-b+sr+Latn.arsc.flat
Compiling XML table C:\Users\Brad Wong\Documents\GitHub\KarinFLiX\app\build\intermediates\incremental\debug\mergeDebugResources\merged.dir\values-w360dp-port-v13\values-w360dp-port-v13.xml to C:\Users\Brad Wong\Documents\GitHub\KarinFLiX\app\build\intermediates\merged_res\debug\mergeDebugResources\values-w360dp-port-v13_values-w360dp-port-v13.arsc.flat
Compiling XML table C:\Users\Brad Wong\Documents\GitHub\KarinFLiX\app\build\intermediates\incremental\debug\mergeDebugResources\merged.dir\values-v19\values-v19.xml to C:\Users\Brad Wong\Documents\GitHub\KarinFLiX\app\build\intermediates\merged_res\debug\mergeDebugResources\values-v19_values-v19.arsc.flat
Compiling XML table C:\Users\Brad Wong\Documents\GitHub\KarinFLiX\app\build\intermediates\incremental\debug\mergeDebugResources\merged.dir\values-zh-rHK\values-zh-rHK.xml to C:\Users\Brad Wong\Documents\GitHub\KarinFLiX\app\build\intermediates\merged_res\debug\mergeDebugResources\values-zh-rHK_values-zh-rHK.arsc.flat
Compiling XML table C:\Users\Brad Wong\Documents\GitHub\KarinFLiX\app\build\intermediates\incremental\debug\mergeDebugResources\merged.dir\values-iw\values-iw.xml to C:\Users\Brad Wong\Documents\GitHub\KarinFLiX\app\build\intermediates\merged_res\debug\mergeDebugResources\values-iw_values-iw.arsc.flat
Compiling XML table C:\Users\Brad Wong\Documents\GitHub\KarinFLiX\app\build\intermediates\incremental\debug\mergeDebugResources\merged.dir\values-as\values-as.xml to C:\Users\Brad Wong\Documents\GitHub\KarinFLiX\app\build\intermediates\merged_res\debug\mergeDebugResources\values-as_values-as.arsc.flat
Compiling XML table C:\Users\Brad Wong\Documents\GitHub\KarinFLiX\app\build\intermediates\incremental\debug\mergeDebugResources\merged.dir\values-v21\values-v21.xml to C:\Users\Brad Wong\Documents\GitHub\KarinFLiX\app\build\intermediates\merged_res\debug\mergeDebugResources\values-v21_values-v21.arsc.flat
Compiling XML table C:\Users\Brad Wong\Documents\GitHub\KarinFLiX\app\build\intermediates\incremental\debug\mergeDebugResources\merged.dir\values-w320dp-land-v13\values-w320dp-land-v13.xml to C:\Users\Brad Wong\Documents\GitHub\KarinFLiX\app\build\intermediates\merged_res\debug\mergeDebugResources\values-w320dp-land-v13_values-w320dp-land-v13.arsc.flat
Compiling XML table C:\Users\Brad Wong\Documents\GitHub\KarinFLiX\app\build\intermediates\incremental\debug\mergeDebugResources\merged.dir\values-ja\values-ja.xml to C:\Users\Brad Wong\Documents\GitHub\KarinFLiX\app\build\intermediates\merged_res\debug\mergeDebugResources\values-ja_values-ja.arsc.flat
Compiling XML table C:\Users\Brad Wong\Documents\GitHub\KarinFLiX\app\build\intermediates\incremental\debug\mergeDebugResources\merged.dir\values-is\values-is.xml to C:\Users\Brad Wong\Documents\GitHub\KarinFLiX\app\build\intermediates\merged_res\debug\mergeDebugResources\values-is_values-is.arsc.flat
Compiling XML table C:\Users\Brad Wong\Documents\GitHub\KarinFLiX\app\build\intermediates\incremental\debug\mergeDebugResources\merged.dir\values-az\values-az.xml to C:\Users\Brad Wong\Documents\GitHub\KarinFLiX\app\build\intermediates\merged_res\debug\mergeDebugResources\values-az_values-az.arsc.flat
Compiling XML table C:\Users\Brad Wong\Documents\GitHub\KarinFLiX\app\build\intermediates\incremental\debug\mergeDebugResources\merged.dir\values-v24\values-v24.xml to C:\Users\Brad Wong\Documents\GitHub\KarinFLiX\app\build\intermediates\merged_res\debug\mergeDebugResources\values-v24_values-v24.arsc.flat
Compiling XML table C:\Users\Brad Wong\Documents\GitHub\KarinFLiX\app\build\intermediates\incremental\debug\mergeDebugResources\merged.dir\values-v22\values-v22.xml to C:\Users\Brad Wong\Documents\GitHub\KarinFLiX\app\build\intermediates\merged_res\debug\mergeDebugResources\values-v22_values-v22.arsc.flat
Compiling XML table C:\Users\Brad Wong\Documents\GitHub\KarinFLiX\app\build\intermediates\incremental\debug\mergeDebugResources\merged.dir\values-ru\values-ru.xml to C:\Users\Brad Wong\Documents\GitHub\KarinFLiX\app\build\intermediates\merged_res\debug\mergeDebugResources\values-ru_values-ru.arsc.flat
Compiling XML table C:\Users\Brad Wong\Documents\GitHub\KarinFLiX\app\build\intermediates\incremental\debug\mergeDebugResources\merged.dir\values-pt-rPT\values-pt-rPT.xml to C:\Users\Brad Wong\Documents\GitHub\KarinFLiX\app\build\intermediates\merged_res\debug\mergeDebugResources\values-pt-rPT_values-pt-rPT.arsc.flat
Compiling XML table C:\Users\Brad Wong\Documents\GitHub\KarinFLiX\app\build\intermediates\incremental\debug\mergeDebugResources\merged.dir\values-es-rUS\values-es-rUS.xml to C:\Users\Brad Wong\Documents\GitHub\KarinFLiX\app\build\intermediates\merged_res\debug\mergeDebugResources\values-es-rUS_values-es-rUS.arsc.flat
Compiling XML table C:\Users\Brad Wong\Documents\GitHub\KarinFLiX\app\build\intermediates\incremental\debug\mergeDebugResources\merged.dir\values-v23\values-v23.xml to C:\Users\Brad Wong\Documents\GitHub\KarinFLiX\app\build\intermediates\merged_res\debug\mergeDebugResources\values-v23_values-v23.arsc.flat
Compiling XML table C:\Users\Brad Wong\Documents\GitHub\KarinFLiX\app\build\intermediates\incremental\debug\mergeDebugResources\merged.dir\values-h360dp-land-v13\values-h360dp-land-v13.xml to C:\Users\Brad Wong\Documents\GitHub\KarinFLiX\app\build\intermediates\merged_res\debug\mergeDebugResources\values-h360dp-land-v13_values-h360dp-land-v13.arsc.flat
Compiling XML table C:\Users\Brad Wong\Documents\GitHub\KarinFLiX\app\build\intermediates\incremental\debug\mergeDebugResources\merged.dir\values-bn\values-bn.xml to C:\Users\Brad Wong\Documents\GitHub\KarinFLiX\app\build\intermediates\merged_res\debug\mergeDebugResources\values-bn_values-bn.arsc.flat
Compiling XML table C:\Users\Brad Wong\Documents\GitHub\KarinFLiX\app\build\intermediates\incremental\debug\mergeDebugResources\merged.dir\values-v26\values-v26.xml to C:\Users\Brad Wong\Documents\GitHub\KarinFLiX\app\build\intermediates\merged_res\debug\mergeDebugResources\values-v26_values-v26.arsc.flat
Compiling XML table C:\Users\Brad Wong\Documents\GitHub\KarinFLiX\app\build\intermediates\incremental\debug\mergeDebugResources\merged.dir\values-v25\values-v25.xml to C:\Users\Brad Wong\Documents\GitHub\KarinFLiX\app\build\intermediates\merged_res\debug\mergeDebugResources\values-v25_values-v25.arsc.flat
Compiling XML table C:\Users\Brad Wong\Documents\GitHub\KarinFLiX\app\build\intermediates\incremental\debug\mergeDebugResources\merged.dir\values-sw600dp-v13\values-sw600dp-v13.xml to C:\Users\Brad Wong\Documents\GitHub\KarinFLiX\app\build\intermediates\merged_res\debug\mergeDebugResources\values-sw600dp-v13_values-sw600dp-v13.arsc.flat
Compiling XML table C:\Users\Brad Wong\Documents\GitHub\KarinFLiX\app\build\intermediates\incremental\debug\mergeDebugResources\merged.dir\values-be\values-be.xml to C:\Users\Brad Wong\Documents\GitHub\KarinFLiX\app\build\intermediates\merged_res\debug\mergeDebugResources\values-be_values-be.arsc.flat
Compiling XML table C:\Users\Brad Wong\Documents\GitHub\KarinFLiX\app\build\intermediates\incremental\debug\mergeDebugResources\merged.dir\values-ka\values-ka.xml to C:\Users\Brad Wong\Documents\GitHub\KarinFLiX\app\build\intermediates\merged_res\debug\mergeDebugResources\values-ka_values-ka.arsc.flat
Compiling XML table C:\Users\Brad Wong\Documents\GitHub\KarinFLiX\app\build\intermediates\incremental\debug\mergeDebugResources\merged.dir\values-bs\values-bs.xml to C:\Users\Brad Wong\Documents\GitHub\KarinFLiX\app\build\intermediates\merged_res\debug\mergeDebugResources\values-bs_values-bs.arsc.flat
Compiling XML table C:\Users\Brad Wong\Documents\GitHub\KarinFLiX\app\build\intermediates\incremental\debug\mergeDebugResources\merged.dir\values-v28\values-v28.xml to C:\Users\Brad Wong\Documents\GitHub\KarinFLiX\app\build\intermediates\merged_res\debug\mergeDebugResources\values-v28_values-v28.arsc.flat
Compiling XML table C:\Users\Brad Wong\Documents\GitHub\KarinFLiX\app\build\intermediates\incremental\debug\mergeDebugResources\merged.dir\values-sl\values-sl.xml to C:\Users\Brad Wong\Documents\GitHub\KarinFLiX\app\build\intermediates\merged_res\debug\mergeDebugResources\values-sl_values-sl.arsc.flat
Compiling XML table C:\Users\Brad Wong\Documents\GitHub\KarinFLiX\app\build\intermediates\incremental\debug\mergeDebugResources\merged.dir\values-ca\values-ca.xml to C:\Users\Brad Wong\Documents\GitHub\KarinFLiX\app\build\intermediates\merged_res\debug\mergeDebugResources\values-ca_values-ca.arsc.flat
Compiling XML table C:\Users\Brad Wong\Documents\GitHub\KarinFLiX\app\build\intermediates\incremental\debug\mergeDebugResources\merged.dir\values-sk\values-sk.xml to C:\Users\Brad Wong\Documents\GitHub\KarinFLiX\app\build\intermediates\merged_res\debug\mergeDebugResources\values-sk_values-sk.arsc.flat
Compiling XML table C:\Users\Brad Wong\Documents\GitHub\KarinFLiX\app\build\intermediates\incremental\debug\mergeDebugResources\merged.dir\values-bg\values-bg.xml to C:\Users\Brad Wong\Documents\GitHub\KarinFLiX\app\build\intermediates\merged_res\debug\mergeDebugResources\values-bg_values-bg.arsc.flat
Compiling XML table C:\Users\Brad Wong\Documents\GitHub\KarinFLiX\app\build\intermediates\incremental\debug\mergeDebugResources\merged.dir\values-sq\values-sq.xml to C:\Users\Brad Wong\Documents\GitHub\KarinFLiX\app\build\intermediates\merged_res\debug\mergeDebugResources\values-sq_values-sq.arsc.flat
Compiling XML table C:\Users\Brad Wong\Documents\GitHub\KarinFLiX\app\build\intermediates\incremental\debug\mergeDebugResources\merged.dir\values-sw\values-sw.xml to C:\Users\Brad Wong\Documents\GitHub\KarinFLiX\app\build\intermediates\merged_res\debug\mergeDebugResources\values-sw_values-sw.arsc.flat
Compiling XML table C:\Users\Brad Wong\Documents\GitHub\KarinFLiX\app\build\intermediates\incremental\debug\mergeDebugResources\merged.dir\values-en-rCA\values-en-rCA.xml to C:\Users\Brad Wong\Documents\GitHub\KarinFLiX\app\build\intermediates\merged_res\debug\mergeDebugResources\values-en-rCA_values-en-rCA.arsc.flat
Compiling XML table C:\Users\Brad Wong\Documents\GitHub\KarinFLiX\app\build\intermediates\incremental\debug\mergeDebugResources\merged.dir\values-ro\values-ro.xml to C:\Users\Brad Wong\Documents\GitHub\KarinFLiX\app\build\intermediates\merged_res\debug\mergeDebugResources\values-ro_values-ro.arsc.flat
Compiling XML table C:\Users\Brad Wong\Documents\GitHub\KarinFLiX\app\build\intermediates\incremental\debug\mergeDebugResources\merged.dir\values-cs\values-cs.xml to C:\Users\Brad Wong\Documents\GitHub\KarinFLiX\app\build\intermediates\merged_res\debug\mergeDebugResources\values-cs_values-cs.arsc.flat
Compiling XML table C:\Users\Brad Wong\Documents\GitHub\KarinFLiX\app\build\intermediates\incremental\debug\mergeDebugResources\merged.dir\values-kk\values-kk.xml to C:\Users\Brad Wong\Documents\GitHub\KarinFLiX\app\build\intermediates\merged_res\debug\mergeDebugResources\values-kk_values-kk.arsc.flat
Compiling XML table C:\Users\Brad Wong\Documents\GitHub\KarinFLiX\app\build\intermediates\incremental\debug\mergeDebugResources\merged.dir\values-h480dp-land-v13\values-h480dp-land-v13.xml to C:\Users\Brad Wong\Documents\GitHub\KarinFLiX\app\build\intermediates\merged_res\debug\mergeDebugResources\values-h480dp-land-v13_values-h480dp-land-v13.arsc.flat
Compiling XML table C:\Users\Brad Wong\Documents\GitHub\KarinFLiX\app\build\intermediates\incremental\debug\mergeDebugResources\merged.dir\values-km\values-km.xml to C:\Users\Brad Wong\Documents\GitHub\KarinFLiX\app\build\intermediates\merged_res\debug\mergeDebugResources\values-km_values-km.arsc.flat
Compiling XML table C:\Users\Brad Wong\Documents\GitHub\KarinFLiX\app\build\intermediates\incremental\debug\mergeDebugResources\merged.dir\values-h720dp-v13\values-h720dp-v13.xml to C:\Users\Brad Wong\Documents\GitHub\KarinFLiX\app\build\intermediates\merged_res\debug\mergeDebugResources\values-h720dp-v13_values-h720dp-v13.arsc.flat
Compiling XML table C:\Users\Brad Wong\Documents\GitHub\KarinFLiX\app\build\intermediates\incremental\debug\mergeDebugResources\merged.dir\values-tr\values-tr.xml to C:\Users\Brad Wong\Documents\GitHub\KarinFLiX\app\build\intermediates\merged_res\debug\mergeDebugResources\values-tr_values-tr.arsc.flat
Compiling XML table C:\Users\Brad Wong\Documents\GitHub\KarinFLiX\app\build\intermediates\incremental\debug\mergeDebugResources\merged.dir\values-ky\values-ky.xml to C:\Users\Brad Wong\Documents\GitHub\KarinFLiX\app\build\intermediates\merged_res\debug\mergeDebugResources\values-ky_values-ky.arsc.flat
Compiling XML table C:\Users\Brad Wong\Documents\GitHub\KarinFLiX\app\build\intermediates\incremental\debug\mergeDebugResources\merged.dir\values-en-rIN\values-en-rIN.xml to C:\Users\Brad Wong\Documents\GitHub\KarinFLiX\app\build\intermediates\merged_res\debug\mergeDebugResources\values-en-rIN_values-en-rIN.arsc.flat
Compiling XML table C:\Users\Brad Wong\Documents\GitHub\KarinFLiX\app\build\intermediates\incremental\debug\mergeDebugResources\merged.dir\values-v34\values-v34.xml to C:\Users\Brad Wong\Documents\GitHub\KarinFLiX\app\build\intermediates\merged_res\debug\mergeDebugResources\values-v34_values-v34.arsc.flat
Compiling XML table C:\Users\Brad Wong\Documents\GitHub\KarinFLiX\app\build\intermediates\incremental\debug\mergeDebugResources\merged.dir\values-kn\values-kn.xml to C:\Users\Brad Wong\Documents\GitHub\KarinFLiX\app\build\intermediates\merged_res\debug\mergeDebugResources\values-kn_values-kn.arsc.flat
Compiling XML table C:\Users\Brad Wong\Documents\GitHub\KarinFLiX\app\build\intermediates\incremental\debug\mergeDebugResources\merged.dir\values-pt-rBR\values-pt-rBR.xml to C:\Users\Brad Wong\Documents\GitHub\KarinFLiX\app\build\intermediates\merged_res\debug\mergeDebugResources\values-pt-rBR_values-pt-rBR.arsc.flat
Compiling XML table C:\Users\Brad Wong\Documents\GitHub\KarinFLiX\app\build\intermediates\incremental\debug\mergeDebugResources\merged.dir\values-lv\values-lv.xml to C:\Users\Brad Wong\Documents\GitHub\KarinFLiX\app\build\intermediates\merged_res\debug\mergeDebugResources\values-lv_values-lv.arsc.flat
Compiling XML table C:\Users\Brad Wong\Documents\GitHub\KarinFLiX\app\build\intermediates\incremental\debug\mergeDebugResources\merged.dir\values-si\values-si.xml to C:\Users\Brad Wong\Documents\GitHub\KarinFLiX\app\build\intermediates\merged_res\debug\mergeDebugResources\values-si_values-si.arsc.flat
Compiling XML table C:\Users\Brad Wong\Documents\GitHub\KarinFLiX\app\build\intermediates\incremental\debug\mergeDebugResources\merged.dir\values-sr\values-sr.xml to C:\Users\Brad Wong\Documents\GitHub\KarinFLiX\app\build\intermediates\merged_res\debug\mergeDebugResources\values-sr_values-sr.arsc.flat
Compiling XML table C:\Users\Brad Wong\Documents\GitHub\KarinFLiX\app\build\intermediates\incremental\debug\mergeDebugResources\merged.dir\values-el\values-el.xml to C:\Users\Brad Wong\Documents\GitHub\KarinFLiX\app\build\intermediates\merged_res\debug\mergeDebugResources\values-el_values-el.arsc.flat
Compiling XML table C:\Users\Brad Wong\Documents\GitHub\KarinFLiX\app\build\intermediates\incremental\debug\mergeDebugResources\merged.dir\values-ml\values-ml.xml to C:\Users\Brad Wong\Documents\GitHub\KarinFLiX\app\build\intermediates\merged_res\debug\mergeDebugResources\values-ml_values-ml.arsc.flat
Compiling XML table C:\Users\Brad Wong\Documents\GitHub\KarinFLiX\app\build\intermediates\incremental\debug\mergeDebugResources\merged.dir\values-th\values-th.xml to C:\Users\Brad Wong\Documents\GitHub\KarinFLiX\app\build\intermediates\merged_res\debug\mergeDebugResources\values-th_values-th.arsc.flat
Compiling XML table C:\Users\Brad Wong\Documents\GitHub\KarinFLiX\app\build\intermediates\incremental\debug\mergeDebugResources\merged.dir\values-lo\values-lo.xml to C:\Users\Brad Wong\Documents\GitHub\KarinFLiX\app\build\intermediates\merged_res\debug\mergeDebugResources\values-lo_values-lo.arsc.flat
Compiling XML table C:\Users\Brad Wong\Documents\GitHub\KarinFLiX\app\build\intermediates\incremental\debug\mergeDebugResources\merged.dir\values-ko\values-ko.xml to C:\Users\Brad Wong\Documents\GitHub\KarinFLiX\app\build\intermediates\merged_res\debug\mergeDebugResources\values-ko_values-ko.arsc.flat
Compiling XML table C:\Users\Brad Wong\Documents\GitHub\KarinFLiX\app\build\intermediates\incremental\debug\mergeDebugResources\merged.dir\values-ms\values-ms.xml to C:\Users\Brad Wong\Documents\GitHub\KarinFLiX\app\build\intermediates\merged_res\debug\mergeDebugResources\values-ms_values-ms.arsc.flat
Compiling XML table C:\Users\Brad Wong\Documents\GitHub\KarinFLiX\app\build\intermediates\incremental\debug\mergeDebugResources\merged.dir\values-tl\values-tl.xml to C:\Users\Brad Wong\Documents\GitHub\KarinFLiX\app\build\intermediates\merged_res\debug\mergeDebugResources\values-tl_values-tl.arsc.flat
Compiling XML table C:\Users\Brad Wong\Documents\GitHub\KarinFLiX\app\build\intermediates\incremental\debug\mergeDebugResources\merged.dir\values-ta\values-ta.xml to C:\Users\Brad Wong\Documents\GitHub\KarinFLiX\app\build\intermediates\merged_res\debug\mergeDebugResources\values-ta_values-ta.arsc.flat
Compiling XML table C:\Users\Brad Wong\Documents\GitHub\KarinFLiX\app\build\intermediates\incremental\debug\mergeDebugResources\merged.dir\values-vi\values-vi.xml to C:\Users\Brad Wong\Documents\GitHub\KarinFLiX\app\build\intermediates\merged_res\debug\mergeDebugResources\values-vi_values-vi.arsc.flat
Compiling XML table C:\Users\Brad Wong\Documents\GitHub\KarinFLiX\app\build\intermediates\incremental\debug\mergeDebugResources\merged.dir\values-ne\values-ne.xml to C:\Users\Brad Wong\Documents\GitHub\KarinFLiX\app\build\intermediates\merged_res\debug\mergeDebugResources\values-ne_values-ne.arsc.flat
Compiling XML table C:\Users\Brad Wong\Documents\GitHub\KarinFLiX\app\build\intermediates\incremental\debug\mergeDebugResources\merged.dir\values-lt\values-lt.xml to C:\Users\Brad Wong\Documents\GitHub\KarinFLiX\app\build\intermediates\merged_res\debug\mergeDebugResources\values-lt_values-lt.arsc.flat
Compiling XML table C:\Users\Brad Wong\Documents\GitHub\KarinFLiX\app\build\intermediates\incremental\debug\mergeDebugResources\merged.dir\values-xlarge-v4\values-xlarge-v4.xml to C:\Users\Brad Wong\Documents\GitHub\KarinFLiX\app\build\intermediates\merged_res\debug\mergeDebugResources\values-xlarge-v4_values-xlarge-v4.arsc.flat
Compiling XML table C:\Users\Brad Wong\Documents\GitHub\KarinFLiX\app\build\intermediates\incremental\debug\mergeDebugResources\merged.dir\values-te\values-te.xml to C:\Users\Brad Wong\Documents\GitHub\KarinFLiX\app\build\intermediates\merged_res\debug\mergeDebugResources\values-te_values-te.arsc.flat
Compiling XML table C:\Users\Brad Wong\Documents\GitHub\KarinFLiX\app\build\intermediates\incremental\debug\mergeDebugResources\merged.dir\values-mr\values-mr.xml to C:\Users\Brad Wong\Documents\GitHub\KarinFLiX\app\build\intermediates\merged_res\debug\mergeDebugResources\values-mr_values-mr.arsc.flat
Compiling XML table C:\Users\Brad Wong\Documents\GitHub\KarinFLiX\app\build\intermediates\incremental\debug\mergeDebugResources\merged.dir\values-night-v8\values-night-v8.xml to C:\Users\Brad Wong\Documents\GitHub\KarinFLiX\app\build\intermediates\merged_res\debug\mergeDebugResources\values-night-v8_values-night-v8.arsc.flat
Compiling XML table C:\Users\Brad Wong\Documents\GitHub\KarinFLiX\app\build\intermediates\incremental\debug\mergeDebugResources\merged.dir\values-en-rAU\values-en-rAU.xml to C:\Users\Brad Wong\Documents\GitHub\KarinFLiX\app\build\intermediates\merged_res\debug\mergeDebugResources\values-en-rAU_values-en-rAU.arsc.flat
Compiling XML table C:\Users\Brad Wong\Documents\GitHub\KarinFLiX\app\build\intermediates\incremental\debug\mergeDebugResources\merged.dir\values-ldrtl-v17\values-ldrtl-v17.xml to C:\Users\Brad Wong\Documents\GitHub\KarinFLiX\app\build\intermediates\merged_res\debug\mergeDebugResources\values-ldrtl-v17_values-ldrtl-v17.arsc.flat
Compiling XML table C:\Users\Brad Wong\Documents\GitHub\KarinFLiX\app\build\intermediates\incremental\debug\mergeDebugResources\merged.dir\values-ur\values-ur.xml to C:\Users\Brad Wong\Documents\GitHub\KarinFLiX\app\build\intermediates\merged_res\debug\mergeDebugResources\values-ur_values-ur.arsc.flat
Compiling XML table C:\Users\Brad Wong\Documents\GitHub\KarinFLiX\app\build\intermediates\incremental\debug\mergeDebugResources\merged.dir\values-or\values-or.xml to C:\Users\Brad Wong\Documents\GitHub\KarinFLiX\app\build\intermediates\merged_res\debug\mergeDebugResources\values-or_values-or.arsc.flat
Compiling XML table C:\Users\Brad Wong\Documents\GitHub\KarinFLiX\app\build\intermediates\incremental\debug\mergeDebugResources\merged.dir\values-small-v4\values-small-v4.xml to C:\Users\Brad Wong\Documents\GitHub\KarinFLiX\app\build\intermediates\merged_res\debug\mergeDebugResources\values-small-v4_values-small-v4.arsc.flat
Compiling XML table C:\Users\Brad Wong\Documents\GitHub\KarinFLiX\app\build\intermediates\incremental\debug\mergeDebugResources\merged.dir\values-fr\values-fr.xml to C:\Users\Brad Wong\Documents\GitHub\KarinFLiX\app\build\intermediates\merged_res\debug\mergeDebugResources\values-fr_values-fr.arsc.flat
Compiling XML table C:\Users\Brad Wong\Documents\GitHub\KarinFLiX\app\build\intermediates\incremental\debug\mergeDebugResources\merged.dir\values-my\values-my.xml to C:\Users\Brad Wong\Documents\GitHub\KarinFLiX\app\build\intermediates\merged_res\debug\mergeDebugResources\values-my_values-my.arsc.flat
Compiling xml file C:\Users\Brad Wong\Documents\GitHub\KarinFLiX\app\src\main\res\drawable\bg_input.xml to C:\Users\Brad Wong\Documents\GitHub\KarinFLiX\app\build\intermediates\merged_res\debug\mergeDebugResources\drawable_bg_input.xml.flat
Compiling XML table C:\Users\Brad Wong\Documents\GitHub\KarinFLiX\app\build\intermediates\incremental\debug\mergeDebugResources\merged.dir\values-uk\values-uk.xml to C:\Users\Brad Wong\Documents\GitHub\KarinFLiX\app\build\intermediates\merged_res\debug\mergeDebugResources\values-uk_values-uk.arsc.flat
Compiling image file C:\Users\Brad Wong\Documents\GitHub\KarinFLiX\app\src\main\res\mipmap-mdpi\ic_launcher.png
Compiling file C:\Users\Brad Wong\Documents\GitHub\KarinFLiX\app\src\main\res\mipmap-mdpi\ic_launcher.png to C:\Users\Brad Wong\Documents\GitHub\KarinFLiX\app\build\intermediates\merged_res\debug\mergeDebugResources\mipmap-mdpi_ic_launcher.png.flat
Compiling xml file C:\Users\Brad Wong\Documents\GitHub\KarinFLiX\app\src\main\res\drawable\gradient_player_top.xml to C:\Users\Brad Wong\Documents\GitHub\KarinFLiX\app\build\intermediates\merged_res\debug\mergeDebugResources\drawable_gradient_player_top.xml.flat
Compiling file C:\Users\Brad Wong\Documents\GitHub\KarinFLiX\app\src\main\res\drawable\character_glasses_reading_armchair_two_legs.webp to C:\Users\Brad Wong\Documents\GitHub\KarinFLiX\app\build\intermediates\merged_res\debug\mergeDebugResources\drawable_character_glasses_reading_armchair_two_legs.webp.flat
Compiling XML table C:\Users\Brad Wong\Documents\GitHub\KarinFLiX\app\build\intermediates\incremental\debug\mergeDebugResources\merged.dir\values-uz\values-uz.xml to C:\Users\Brad Wong\Documents\GitHub\KarinFLiX\app\build\intermediates\merged_res\debug\mergeDebugResources\values-uz_values-uz.arsc.flat
Compiling XML table C:\Users\Brad Wong\Documents\GitHub\KarinFLiX\app\build\intermediates\incremental\debug\mergeDebugResources\merged.dir\values-pl\values-pl.xml to C:\Users\Brad Wong\Documents\GitHub\KarinFLiX\app\build\intermediates\merged_res\debug\mergeDebugResources\values-pl_values-pl.arsc.flat
Compiling XML table C:\Users\Brad Wong\Documents\GitHub\KarinFLiX\app\build\intermediates\incremental\debug\mergeDebugResources\merged.dir\values-mn\values-mn.xml to C:\Users\Brad Wong\Documents\GitHub\KarinFLiX\app\build\intermediates\merged_res\debug\mergeDebugResources\values-mn_values-mn.arsc.flat
Compiling xml file C:\Users\Brad Wong\Documents\GitHub\KarinFLiX\app\src\main\res\drawable\ic_tutorial.xml to C:\Users\Brad Wong\Documents\GitHub\KarinFLiX\app\build\intermediates\merged_res\debug\mergeDebugResources\drawable_ic_tutorial.xml.flat
Compiling file C:\Users\Brad Wong\Documents\GitHub\KarinFLiX\app\src\main\res\drawable\chica_manualidades_gafas_3d.webp to C:\Users\Brad Wong\Documents\GitHub\KarinFLiX\app\build\intermediates\merged_res\debug\mergeDebugResources\drawable_chica_manualidades_gafas_3d.webp.flat
Compiling XML table C:\Users\Brad Wong\Documents\GitHub\KarinFLiX\app\build\intermediates\incremental\debug\mergeDebugResources\merged.dir\values-port\values-port.xml to C:\Users\Brad Wong\Documents\GitHub\KarinFLiX\app\build\intermediates\merged_res\debug\mergeDebugResources\values-port_values-port.arsc.flat
Compiling XML table C:\Users\Brad Wong\Documents\GitHub\KarinFLiX\app\build\intermediates\incremental\debug\mergeDebugResources\merged.dir\values-h550dp-port-v13\values-h550dp-port-v13.xml to C:\Users\Brad Wong\Documents\GitHub\KarinFLiX\app\build\intermediates\merged_res\debug\mergeDebugResources\values-h550dp-port-v13_values-h550dp-port-v13.arsc.flat
Compiling XML table C:\Users\Brad Wong\Documents\GitHub\KarinFLiX\app\build\intermediates\incremental\debug\mergeDebugResources\merged.dir\values-de\values-de.xml to C:\Users\Brad Wong\Documents\GitHub\KarinFLiX\app\build\intermediates\merged_res\debug\mergeDebugResources\values-de_values-de.arsc.flat
Compiling xml file C:\Users\Brad Wong\Documents\GitHub\KarinFLiX\app\build\intermediates\incremental\debug\mergeDebugResources\stripped.dir\layout\item_site_grid.xml to C:\Users\Brad Wong\Documents\GitHub\KarinFLiX\app\build\intermediates\merged_res\debug\mergeDebugResources\layout_item_site_grid.xml.flat
Compiling xml file C:\Users\Brad Wong\Documents\GitHub\KarinFLiX\app\src\main\res\drawable\ic_3d.xml to C:\Users\Brad Wong\Documents\GitHub\KarinFLiX\app\build\intermediates\merged_res\debug\mergeDebugResources\drawable_ic_3d.xml.flat
Compiling XML table C:\Users\Brad Wong\Documents\GitHub\KarinFLiX\app\build\intermediates\incremental\debug\mergeDebugResources\merged.dir\values-zh-rTW\values-zh-rTW.xml to C:\Users\Brad Wong\Documents\GitHub\KarinFLiX\app\build\intermediates\merged_res\debug\mergeDebugResources\values-zh-rTW_values-zh-rTW.arsc.flat
Compiling XML table C:\Users\Brad Wong\Documents\GitHub\KarinFLiX\app\build\intermediates\incremental\debug\mergeDebugResources\merged.dir\values-en-rGB\values-en-rGB.xml to C:\Users\Brad Wong\Documents\GitHub\KarinFLiX\app\build\intermediates\merged_res\debug\mergeDebugResources\values-en-rGB_values-en-rGB.arsc.flat
Compiling xml file C:\Users\Brad Wong\Documents\GitHub\KarinFLiX\app\build\intermediates\incremental\debug\mergeDebugResources\stripped.dir\layout\item_galeria_karin.xml to C:\Users\Brad Wong\Documents\GitHub\KarinFLiX\app\build\intermediates\merged_res\debug\mergeDebugResources\layout_item_galeria_karin.xml.flat
Compiling file C:\Users\Brad Wong\Documents\GitHub\KarinFLiX\app\src\main\res\drawable\karinlink_bg.webp to C:\Users\Brad Wong\Documents\GitHub\KarinFLiX\app\build\intermediates\merged_res\debug\mergeDebugResources\drawable_karinlink_bg.webp.flat
Compiling xml file C:\Users\Brad Wong\Documents\GitHub\KarinFLiX\app\src\main\res\drawable\bg_bottom_bar.xml to C:\Users\Brad Wong\Documents\GitHub\KarinFLiX\app\build\intermediates\merged_res\debug\mergeDebugResources\drawable_bg_bottom_bar.xml.flat
Compiling xml file C:\Users\Brad Wong\Documents\GitHub\KarinFLiX\app\src\main\res\drawable\bg_exo_badge.xml to C:\Users\Brad Wong\Documents\GitHub\KarinFLiX\app\build\intermediates\merged_res\debug\mergeDebugResources\drawable_bg_exo_badge.xml.flat
Compiling XML table C:\Users\Brad Wong\Documents\GitHub\KarinFLiX\app\build\intermediates\incremental\debug\mergeDebugResources\merged.dir\values-et\values-et.xml to C:\Users\Brad Wong\Documents\GitHub\KarinFLiX\app\build\intermediates\merged_res\debug\mergeDebugResources\values-et_values-et.arsc.flat
Compiling xml file C:\Users\Brad Wong\Documents\GitHub\KarinFLiX\app\src\main\res\drawable\bg_tv_thumb.xml to C:\Users\Brad Wong\Documents\GitHub\KarinFLiX\app\build\intermediates\merged_res\debug\mergeDebugResources\drawable_bg_tv_thumb.xml.flat
Compiling xml file C:\Users\Brad Wong\Documents\GitHub\KarinFLiX\app\src\main\res\drawable\ic_list.xml to C:\Users\Brad Wong\Documents\GitHub\KarinFLiX\app\build\intermediates\merged_res\debug\mergeDebugResources\drawable_ic_list.xml.flat
Compiling XML table C:\Users\Brad Wong\Documents\GitHub\KarinFLiX\app\build\intermediates\incremental\debug\mergeDebugResources\merged.dir\values-nl\values-nl.xml to C:\Users\Brad Wong\Documents\GitHub\KarinFLiX\app\build\intermediates\merged_res\debug\mergeDebugResources\values-nl_values-nl.arsc.flat
Compiling file C:\Users\Brad Wong\Documents\GitHub\KarinFLiX\app\src\main\res\drawable\karin_servidores_1280x720.webp to C:\Users\Brad Wong\Documents\GitHub\KarinFLiX\app\build\intermediates\merged_res\debug\mergeDebugResources\drawable_karin_servidores_1280x720.webp.flat
Compiling xml file C:\Users\Brad Wong\Documents\GitHub\KarinFLiX\app\src\main\res\mipmap-anydpi-v26\ic_launcher_round.xml to C:\Users\Brad Wong\Documents\GitHub\KarinFLiX\app\build\intermediates\merged_res\debug\mergeDebugResources\mipmap-anydpi-v26_ic_launcher_round.xml.flat
Compiling image file C:\Users\Brad Wong\Documents\GitHub\KarinFLiX\app\src\main\res\mipmap-xhdpi\ic_launcher_round.png
Compiling file C:\Users\Brad Wong\Documents\GitHub\KarinFLiX\app\src\main\res\mipmap-xhdpi\ic_launcher_round.png to C:\Users\Brad Wong\Documents\GitHub\KarinFLiX\app\build\intermediates\merged_res\debug\mergeDebugResources\mipmap-xhdpi_ic_launcher_round.png.flat
Compiling XML table C:\Users\Brad Wong\Documents\GitHub\KarinFLiX\app\build\intermediates\incremental\debug\mergeDebugResources\merged.dir\values-es\values-es.xml to C:\Users\Brad Wong\Documents\GitHub\KarinFLiX\app\build\intermediates\merged_res\debug\mergeDebugResources\values-es_values-es.arsc.flat
Compiling xml file C:\Users\Brad Wong\Documents\GitHub\KarinFLiX\app\src\main\res\drawable\ic_delete.xml to C:\Users\Brad Wong\Documents\GitHub\KarinFLiX\app\build\intermediates\merged_res\debug\mergeDebugResources\drawable_ic_delete.xml.flat
Compiling file C:\Users\Brad Wong\Documents\GitHub\KarinFLiX\app\src\main\res\drawable\edited_maid_cafe_final_1280x720.webp to C:\Users\Brad Wong\Documents\GitHub\KarinFLiX\app\build\intermediates\merged_res\debug\mergeDebugResources\drawable_edited_maid_cafe_final_1280x720.webp.flat
Compiling xml file C:\Users\Brad Wong\Documents\GitHub\KarinFLiX\app\src\main\res\drawable\ic_whatsapp.xml to C:\Users\Brad Wong\Documents\GitHub\KarinFLiX\app\build\intermediates\merged_res\debug\mergeDebugResources\drawable_ic_whatsapp.xml.flat
Compiling XML table C:\Users\Brad Wong\Documents\GitHub\KarinFLiX\app\build\intermediates\incremental\debug\mergeDebugResources\merged.dir\values-w400dp-port-v13\values-w400dp-port-v13.xml to C:\Users\Brad Wong\Documents\GitHub\KarinFLiX\app\build\intermediates\merged_res\debug\mergeDebugResources\values-w400dp-port-v13_values-w400dp-port-v13.arsc.flat
Compiling xml file C:\Users\Brad Wong\Documents\GitHub\KarinFLiX\app\src\main\res\drawable\ic_video.xml to C:\Users\Brad Wong\Documents\GitHub\KarinFLiX\app\build\intermediates\merged_res\debug\mergeDebugResources\drawable_ic_video.xml.flat
Compiling file C:\Users\Brad Wong\Documents\GitHub\KarinFLiX\app\src\main\res\drawable\logo_karinflix.webp to C:\Users\Brad Wong\Documents\GitHub\KarinFLiX\app\build\intermediates\merged_res\debug\mergeDebugResources\drawable_logo_karinflix.webp.flat
Compiling xml file C:\Users\Brad Wong\Documents\GitHub\KarinFLiX\app\build\intermediates\incremental\debug\mergeDebugResources\stripped.dir\layout\item_file_small.xml to C:\Users\Brad Wong\Documents\GitHub\KarinFLiX\app\build\intermediates\merged_res\debug\mergeDebugResources\layout_item_file_small.xml.flat
Compiling image file C:\Users\Brad Wong\Documents\GitHub\KarinFLiX\app\src\main\res\mipmap-hdpi\ic_launcher_round.png
Compiling file C:\Users\Brad Wong\Documents\GitHub\KarinFLiX\app\src\main\res\mipmap-hdpi\ic_launcher_round.png to C:\Users\Brad Wong\Documents\GitHub\KarinFLiX\app\build\intermediates\merged_res\debug\mergeDebugResources\mipmap-hdpi_ic_launcher_round.png.flat
Compiling XML table C:\Users\Brad Wong\Documents\GitHub\KarinFLiX\app\build\intermediates\incremental\debug\mergeDebugResources\merged.dir\values-fa\values-fa.xml to C:\Users\Brad Wong\Documents\GitHub\KarinFLiX\app\build\intermediates\merged_res\debug\mergeDebugResources\values-fa_values-fa.arsc.flat
Compiling xml file C:\Users\Brad Wong\Documents\GitHub\KarinFLiX\app\src\main\res\drawable\ic_terms.xml to C:\Users\Brad Wong\Documents\GitHub\KarinFLiX\app\build\intermediates\merged_res\debug\mergeDebugResources\drawable_ic_terms.xml.flat
Compiling xml file C:\Users\Brad Wong\Documents\GitHub\KarinFLiX\app\build\intermediates\incremental\debug\mergeDebugResources\stripped.dir\layout\activity_embed_webview.xml to C:\Users\Brad Wong\Documents\GitHub\KarinFLiX\app\build\intermediates\merged_res\debug\mergeDebugResources\layout_activity_embed_webview.xml.flat
Compiling XML table C:\Users\Brad Wong\Documents\GitHub\KarinFLiX\app\build\intermediates\incremental\debug\mergeDebugResources\merged.dir\values-large-v4\values-large-v4.xml to C:\Users\Brad Wong\Documents\GitHub\KarinFLiX\app\build\intermediates\merged_res\debug\mergeDebugResources\values-large-v4_values-large-v4.arsc.flat
Compiling file C:\Users\Brad Wong\Documents\GitHub\KarinFLiX\app\src\main\res\drawable\chica_sofa_tv_pelicula_3d_palomitas.webp to C:\Users\Brad Wong\Documents\GitHub\KarinFLiX\app\build\intermediates\merged_res\debug\mergeDebugResources\drawable_chica_sofa_tv_pelicula_3d_palomitas.webp.flat
Compiling XML table C:\Users\Brad Wong\Documents\GitHub\KarinFLiX\app\build\intermediates\incremental\debug\mergeDebugResources\merged.dir\values-w600dp-land-v13\values-w600dp-land-v13.xml to C:\Users\Brad Wong\Documents\GitHub\KarinFLiX\app\build\intermediates\merged_res\debug\mergeDebugResources\values-w600dp-land-v13_values-w600dp-land-v13.arsc.flat
Compiling XML table C:\Users\Brad Wong\Documents\GitHub\KarinFLiX\app\build\intermediates\incremental\debug\mergeDebugResources\merged.dir\values-fr-rCA\values-fr-rCA.xml to C:\Users\Brad Wong\Documents\GitHub\KarinFLiX\app\build\intermediates\merged_res\debug\mergeDebugResources\values-fr-rCA_values-fr-rCA.arsc.flat
Compiling xml file C:\Users\Brad Wong\Documents\GitHub\KarinFLiX\app\src\main\res\drawable\bg_chip_active.xml to C:\Users\Brad Wong\Documents\GitHub\KarinFLiX\app\build\intermediates\merged_res\debug\mergeDebugResources\drawable_bg_chip_active.xml.flat
Compiling xml file C:\Users\Brad Wong\Documents\GitHub\KarinFLiX\app\src\main\res\drawable\btn_karinlink_transparent.xml to C:\Users\Brad Wong\Documents\GitHub\KarinFLiX\app\build\intermediates\merged_res\debug\mergeDebugResources\drawable_btn_karinlink_transparent.xml.flat
Compiling file C:\Users\Brad Wong\Documents\GitHub\KarinFLiX\app\src\main\res\drawable\chica_manualidades_gafas_3d_triunfo.webp to C:\Users\Brad Wong\Documents\GitHub\KarinFLiX\app\build\intermediates\merged_res\debug\mergeDebugResources\drawable_chica_manualidades_gafas_3d_triunfo.webp.flat
Compiling xml file C:\Users\Brad Wong\Documents\GitHub\KarinFLiX\app\src\main\res\drawable\ic_lock.xml to C:\Users\Brad Wong\Documents\GitHub\KarinFLiX\app\build\intermediates\merged_res\debug\mergeDebugResources\drawable_ic_lock.xml.flat
Compiling xml file C:\Users\Brad Wong\Documents\GitHub\KarinFLiX\app\src\main\res\drawable\selector_tv_chip.xml to C:\Users\Brad Wong\Documents\GitHub\KarinFLiX\app\build\intermediates\merged_res\debug\mergeDebugResources\drawable_selector_tv_chip.xml.flat
Compiling xml file C:\Users\Brad Wong\Documents\GitHub\KarinFLiX\app\src\main\res\drawable\selector_tv_circle.xml to C:\Users\Brad Wong\Documents\GitHub\KarinFLiX\app\build\intermediates\merged_res\debug\mergeDebugResources\drawable_selector_tv_circle.xml.flat
Compiling XML table C:\Users\Brad Wong\Documents\GitHub\KarinFLiX\app\build\intermediates\incremental\debug\mergeDebugResources\merged.dir\values-land\values-land.xml to C:\Users\Brad Wong\Documents\GitHub\KarinFLiX\app\build\intermediates\merged_res\debug\mergeDebugResources\values-land_values-land.arsc.flat
Compiling xml file C:\Users\Brad Wong\Documents\GitHub\KarinFLiX\app\src\main\res\drawable\ic_replay_10.xml to C:\Users\Brad Wong\Documents\GitHub\KarinFLiX\app\build\intermediates\merged_res\debug\mergeDebugResources\drawable_ic_replay_10.xml.flat
Compiling image file C:\Users\Brad Wong\Documents\GitHub\KarinFLiX\app\src\main\res\mipmap-mdpi\ic_launcher_foreground.png
Compiling file C:\Users\Brad Wong\Documents\GitHub\KarinFLiX\app\src\main\res\mipmap-mdpi\ic_launcher_foreground.png to C:\Users\Brad Wong\Documents\GitHub\KarinFLiX\app\build\intermediates\merged_res\debug\mergeDebugResources\mipmap-mdpi_ic_launcher_foreground.png.flat
Compiling xml file C:\Users\Brad Wong\Documents\GitHub\KarinFLiX\app\build\intermediates\incremental\debug\mergeDebugResources\stripped.dir\layout\item_file.xml to C:\Users\Brad Wong\Documents\GitHub\KarinFLiX\app\build\intermediates\merged_res\debug\mergeDebugResources\layout_item_file.xml.flat
Compiling xml file C:\Users\Brad Wong\Documents\GitHub\KarinFLiX\app\src\main\res\drawable\bg_storage_icon.xml to C:\Users\Brad Wong\Documents\GitHub\KarinFLiX\app\build\intermediates\merged_res\debug\mergeDebugResources\drawable_bg_storage_icon.xml.flat
Compiling xml file C:\Users\Brad Wong\Documents\GitHub\KarinFLiX\app\src\main\res\drawable\bg_chip.xml to C:\Users\Brad Wong\Documents\GitHub\KarinFLiX\app\build\intermediates\merged_res\debug\mergeDebugResources\drawable_bg_chip.xml.flat
Compiling xml file C:\Users\Brad Wong\Documents\GitHub\KarinFLiX\app\src\main\res\drawable\bg_spinner.xml to C:\Users\Brad Wong\Documents\GitHub\KarinFLiX\app\build\intermediates\merged_res\debug\mergeDebugResources\drawable_bg_spinner.xml.flat
Compiling xml file C:\Users\Brad Wong\Documents\GitHub\KarinFLiX\app\src\main\res\drawable\bg_server_item.xml to C:\Users\Brad Wong\Documents\GitHub\KarinFLiX\app\build\intermediates\merged_res\debug\mergeDebugResources\drawable_bg_server_item.xml.flat
Compiling xml file C:\Users\Brad Wong\Documents\GitHub\KarinFLiX\app\src\main\res\drawable\tut3d_cardboard.xml to C:\Users\Brad Wong\Documents\GitHub\KarinFLiX\app\build\intermediates\merged_res\debug\mergeDebugResources\drawable_tut3d_cardboard.xml.flat
Compiling xml file C:\Users\Brad Wong\Documents\GitHub\KarinFLiX\app\build\intermediates\incremental\debug\mergeDebugResources\stripped.dir\layout\activity_terms.xml to C:\Users\Brad Wong\Documents\GitHub\KarinFLiX\app\build\intermediates\merged_res\debug\mergeDebugResources\layout_activity_terms.xml.flat
Compiling file C:\Users\Brad Wong\Documents\GitHub\KarinFLiX\app\src\main\res\drawable\bg_glasses_tutorial.webp to C:\Users\Brad Wong\Documents\GitHub\KarinFLiX\app\build\intermediates\merged_res\debug\mergeDebugResources\drawable_bg_glasses_tutorial.webp.flat
Compiling xml file C:\Users\Brad Wong\Documents\GitHub\KarinFLiX\app\build\intermediates\incremental\debug\mergeDebugResources\stripped.dir\layout\activity_calendar.xml to C:\Users\Brad Wong\Documents\GitHub\KarinFLiX\app\build\intermediates\merged_res\debug\mergeDebugResources\layout_activity_calendar.xml.flat
Compiling file C:\Users\Brad Wong\Documents\GitHub\KarinFLiX\app\src\main\res\drawable-nodpi\tut_settings.webp to C:\Users\Brad Wong\Documents\GitHub\KarinFLiX\app\build\intermediates\merged_res\debug\mergeDebugResources\drawable-nodpi_tut_settings.webp.flat
Compiling XML table C:\Users\Brad Wong\Documents\GitHub\KarinFLiX\app\build\intermediates\incremental\debug\mergeDebugResources\merged.dir\values-fi\values-fi.xml to C:\Users\Brad Wong\Documents\GitHub\KarinFLiX\app\build\intermediates\merged_res\debug\mergeDebugResources\values-fi_values-fi.arsc.flat
Compiling xml file C:\Users\Brad Wong\Documents\GitHub\KarinFLiX\app\src\main\res\drawable\ic_info_outline.xml to C:\Users\Brad Wong\Documents\GitHub\KarinFLiX\app\build\intermediates\merged_res\debug\mergeDebugResources\drawable_ic_info_outline.xml.flat
Compiling xml file C:\Users\Brad Wong\Documents\GitHub\KarinFLiX\app\src\main\res\drawable\ic_check_circle.xml to C:\Users\Brad Wong\Documents\GitHub\KarinFLiX\app\build\intermediates\merged_res\debug\mergeDebugResources\drawable_ic_check_circle.xml.flat
Compiling xml file C:\Users\Brad Wong\Documents\GitHub\KarinFLiX\app\build\intermediates\incremental\debug\mergeDebugResources\stripped.dir\layout\activity_settings.xml to C:\Users\Brad Wong\Documents\GitHub\KarinFLiX\app\build\intermediates\merged_res\debug\mergeDebugResources\layout_activity_settings.xml.flat
Compiling XML table C:\Users\Brad Wong\Documents\GitHub\KarinFLiX\app\build\intermediates\incremental\debug\mergeDebugResources\merged.dir\values-zh-rCN\values-zh-rCN.xml to C:\Users\Brad Wong\Documents\GitHub\KarinFLiX\app\build\intermediates\merged_res\debug\mergeDebugResources\values-zh-rCN_values-zh-rCN.arsc.flat
Compiling XML table C:\Users\Brad Wong\Documents\GitHub\KarinFLiX\app\build\intermediates\incremental\debug\mergeDebugResources\merged.dir\values-b+es+419\values-b+es+419.xml to C:\Users\Brad Wong\Documents\GitHub\KarinFLiX\app\build\intermediates\merged_res\debug\mergeDebugResources\values-b+es+419_values-b+es+419.arsc.flat
Compiling file C:\Users\Brad Wong\Documents\GitHub\KarinFLiX\app\src\main\res\drawable\character_glasses_reading.webp to C:\Users\Brad Wong\Documents\GitHub\KarinFLiX\app\build\intermediates\merged_res\debug\mergeDebugResources\drawable_character_glasses_reading.webp.flat
Compiling xml file C:\Users\Brad Wong\Documents\GitHub\KarinFLiX\app\build\intermediates\incremental\debug\mergeDebugResources\stripped.dir\layout\activity_main.xml to C:\Users\Brad Wong\Documents\GitHub\KarinFLiX\app\build\intermediates\merged_res\debug\mergeDebugResources\layout_activity_main.xml.flat
Compiling xml file C:\Users\Brad Wong\Documents\GitHub\KarinFLiX\app\src\main\res\drawable\ic_phone.xml to C:\Users\Brad Wong\Documents\GitHub\KarinFLiX\app\build\intermediates\merged_res\debug\mergeDebugResources\drawable_ic_phone.xml.flat
Compiling XML table C:\Users\Brad Wong\Documents\GitHub\KarinFLiX\app\build\intermediates\incremental\debug\mergeDebugResources\merged.dir\values-gl\values-gl.xml to C:\Users\Brad Wong\Documents\GitHub\KarinFLiX\app\build\intermediates\merged_res\debug\mergeDebugResources\values-gl_values-gl.arsc.flat
Compiling xml file C:\Users\Brad Wong\Documents\GitHub\KarinFLiX\app\build\intermediates\incremental\debug\mergeDebugResources\stripped.dir\layout\item_history_card.xml to C:\Users\Brad Wong\Documents\GitHub\KarinFLiX\app\build\intermediates\merged_res\debug\mergeDebugResources\layout_item_history_card.xml.flat
Compiling file C:\Users\Brad Wong\Documents\GitHub\KarinFLiX\app\src\main\res\drawable\variant_short_summer_resort_dress.webp to C:\Users\Brad Wong\Documents\GitHub\KarinFLiX\app\build\intermediates\merged_res\debug\mergeDebugResources\drawable_variant_short_summer_resort_dress.webp.flat
Compiling xml file C:\Users\Brad Wong\Documents\GitHub\KarinFLiX\app\build\intermediates\incremental\debug\mergeDebugResources\stripped.dir\layout\activity_galeria_karin.xml to C:\Users\Brad Wong\Documents\GitHub\KarinFLiX\app\build\intermediates\merged_res\debug\mergeDebugResources\layout_activity_galeria_karin.xml.flat
Compiling file C:\Users\Brad Wong\Documents\GitHub\KarinFLiX\app\src\main\res\drawable-nodpi\tut_servers.webp to C:\Users\Brad Wong\Documents\GitHub\KarinFLiX\app\build\intermediates\merged_res\debug\mergeDebugResources\drawable-nodpi_tut_servers.webp.flat
Compiling xml file C:\Users\Brad Wong\Documents\GitHub\KarinFLiX\app\build\intermediates\incremental\debug\mergeDebugResources\stripped.dir\layout\activity_site_browser.xml to C:\Users\Brad Wong\Documents\GitHub\KarinFLiX\app\build\intermediates\merged_res\debug\mergeDebugResources\layout_activity_site_browser.xml.flat
Compiling xml file C:\Users\Brad Wong\Documents\GitHub\KarinFLiX\app\src\main\res\drawable\ic_apk.xml to C:\Users\Brad Wong\Documents\GitHub\KarinFLiX\app\build\intermediates\merged_res\debug\mergeDebugResources\drawable_ic_apk.xml.flat
Compiling xml file C:\Users\Brad Wong\Documents\GitHub\KarinFLiX\app\src\main\res\drawable\ic_fullscreen_enter.xml to C:\Users\Brad Wong\Documents\GitHub\KarinFLiX\app\build\intermediates\merged_res\debug\mergeDebugResources\drawable_ic_fullscreen_enter.xml.flat
Compiling xml file C:\Users\Brad Wong\Documents\GitHub\KarinFLiX\app\src\main\res\drawable\bg_exo_seekbar.xml to C:\Users\Brad Wong\Documents\GitHub\KarinFLiX\app\build\intermediates\merged_res\debug\mergeDebugResources\drawable_bg_exo_seekbar.xml.flat
Compiling file C:\Users\Brad Wong\Documents\GitHub\KarinFLiX\app\src\main\res\drawable-nodpi\tut_main.webp to C:\Users\Brad Wong\Documents\GitHub\KarinFLiX\app\build\intermediates\merged_res\debug\mergeDebugResources\drawable-nodpi_tut_main.webp.flat
Compiling xml file C:\Users\Brad Wong\Documents\GitHub\KarinFLiX\app\src\main\res\xml\network_security_config.xml to C:\Users\Brad Wong\Documents\GitHub\KarinFLiX\app\build\intermediates\merged_res\debug\mergeDebugResources\xml_network_security_config.xml.flat
Compiling xml file C:\Users\Brad Wong\Documents\GitHub\KarinFLiX\app\src\main\res\drawable\bg_exo_chip.xml to C:\Users\Brad Wong\Documents\GitHub\KarinFLiX\app\build\intermediates\merged_res\debug\mergeDebugResources\drawable_bg_exo_chip.xml.flat
Compiling xml file C:\Users\Brad Wong\Documents\GitHub\KarinFLiX\app\build\intermediates\incremental\debug\mergeDebugResources\stripped.dir\layout\item_file_storage.xml to C:\Users\Brad Wong\Documents\GitHub\KarinFLiX\app\build\intermediates\merged_res\debug\mergeDebugResources\layout_item_file_storage.xml.flat
Compiling xml file C:\Users\Brad Wong\Documents\GitHub\KarinFLiX\app\src\main\res\drawable\ic_download.xml to C:\Users\Brad Wong\Documents\GitHub\KarinFLiX\app\build\intermediates\merged_res\debug\mergeDebugResources\drawable_ic_download.xml.flat
Compiling image file C:\Users\Brad Wong\Documents\GitHub\KarinFLiX\app\src\main\res\drawable-xhdpi\banner.png
Compiling file C:\Users\Brad Wong\Documents\GitHub\KarinFLiX\app\src\main\res\drawable-xhdpi\banner.png to C:\Users\Brad Wong\Documents\GitHub\KarinFLiX\app\build\intermediates\merged_res\debug\mergeDebugResources\drawable-xhdpi_banner.png.flat
Compiling XML table C:\Users\Brad Wong\Documents\GitHub\KarinFLiX\app\build\intermediates\incremental\debug\mergeDebugResources\merged.dir\values-nb\values-nb.xml to C:\Users\Brad Wong\Documents\GitHub\KarinFLiX\app\build\intermediates\merged_res\debug\mergeDebugResources\values-nb_values-nb.arsc.flat
Compiling file C:\Users\Brad Wong\Documents\GitHub\KarinFLiX\app\src\main\res\drawable-nodpi\tut_karinlink.webp to C:\Users\Brad Wong\Documents\GitHub\KarinFLiX\app\build\intermediates\merged_res\debug\mergeDebugResources\drawable-nodpi_tut_karinlink.webp.flat
Compiling xml file C:\Users\Brad Wong\Documents\GitHub\KarinFLiX\app\build\intermediates\incremental\debug\mergeDebugResources\stripped.dir\layout\item_server.xml to C:\Users\Brad Wong\Documents\GitHub\KarinFLiX\app\build\intermediates\merged_res\debug\mergeDebugResources\layout_item_server.xml.flat
Compiling xml file C:\Users\Brad Wong\Documents\GitHub\KarinFLiX\app\build\intermediates\incremental\debug\mergeDebugResources\stripped.dir\layout\item_video.xml to C:\Users\Brad Wong\Documents\GitHub\KarinFLiX\app\build\intermediates\merged_res\debug\mergeDebugResources\layout_item_video.xml.flat
Compiling xml file C:\Users\Brad Wong\Documents\GitHub\KarinFLiX\app\build\intermediates\incremental\debug\mergeDebugResources\stripped.dir\layout\activity_tutorial.xml to C:\Users\Brad Wong\Documents\GitHub\KarinFLiX\app\build\intermediates\merged_res\debug\mergeDebugResources\layout_activity_tutorial.xml.flat
Compiling xml file C:\Users\Brad Wong\Documents\GitHub\KarinFLiX\app\src\main\res\drawable\bg_exo_thumb.xml to C:\Users\Brad Wong\Documents\GitHub\KarinFLiX\app\build\intermediates\merged_res\debug\mergeDebugResources\drawable_bg_exo_thumb.xml.flat
Compiling file C:\Users\Brad Wong\Documents\GitHub\KarinFLiX\app\src\main\res\drawable\splash_bg.webp to C:\Users\Brad Wong\Documents\GitHub\KarinFLiX\app\build\intermediates\merged_res\debug\mergeDebugResources\drawable_splash_bg.webp.flat
Compiling xml file C:\Users\Brad Wong\Documents\GitHub\KarinFLiX\app\src\main\res\color\btn_accept_text.xml to C:\Users\Brad Wong\Documents\GitHub\KarinFLiX\app\build\intermediates\merged_res\debug\mergeDebugResources\color_btn_accept_text.xml.flat
Compiling xml file C:\Users\Brad Wong\Documents\GitHub\KarinFLiX\app\src\main\res\drawable\selector_card.xml to C:\Users\Brad Wong\Documents\GitHub\KarinFLiX\app\build\intermediates\merged_res\debug\mergeDebugResources\drawable_selector_card.xml.flat
Compiling xml file C:\Users\Brad Wong\Documents\GitHub\KarinFLiX\app\src\main\res\drawable\ic_sd_card.xml to C:\Users\Brad Wong\Documents\GitHub\KarinFLiX\app\build\intermediates\merged_res\debug\mergeDebugResources\drawable_ic_sd_card.xml.flat
Compiling xml file C:\Users\Brad Wong\Documents\GitHub\KarinFLiX\app\build\intermediates\incremental\debug\mergeDebugResources\stripped.dir\layout\item_file_xl.xml to C:\Users\Brad Wong\Documents\GitHub\KarinFLiX\app\build\intermediates\merged_res\debug\mergeDebugResources\layout_item_file_xl.xml.flat
Compiling image file C:\Users\Brad Wong\Documents\GitHub\KarinFLiX\app\src\main\res\mipmap-xxhdpi\ic_launcher.png
Compiling file C:\Users\Brad Wong\Documents\GitHub\KarinFLiX\app\src\main\res\mipmap-xxhdpi\ic_launcher.png to C:\Users\Brad Wong\Documents\GitHub\KarinFLiX\app\build\intermediates\merged_res\debug\mergeDebugResources\mipmap-xxhdpi_ic_launcher.png.flat
Compiling xml file C:\Users\Brad Wong\Documents\GitHub\KarinFLiX\app\src\main\res\drawable\bg_tv_chip.xml to C:\Users\Brad Wong\Documents\GitHub\KarinFLiX\app\build\intermediates\merged_res\debug\mergeDebugResources\drawable_bg_tv_chip.xml.flat
Compiling xml file C:\Users\Brad Wong\Documents\GitHub\KarinFLiX\app\build\intermediates\incremental\debug\mergeDebugResources\stripped.dir\layout\item_file_list.xml to C:\Users\Brad Wong\Documents\GitHub\KarinFLiX\app\build\intermediates\merged_res\debug\mergeDebugResources\layout_item_file_list.xml.flat
Compiling xml file C:\Users\Brad Wong\Documents\GitHub\KarinFLiX\app\build\intermediates\incremental\debug\mergeDebugResources\stripped.dir\layout\item_episode_grid.xml to C:\Users\Brad Wong\Documents\GitHub\KarinFLiX\app\build\intermediates\merged_res\debug\mergeDebugResources\layout_item_episode_grid.xml.flat
Compiling file C:\Users\Brad Wong\Documents\GitHub\KarinFLiX\app\src\main\res\drawable-nodpi\tut_player.webp to C:\Users\Brad Wong\Documents\GitHub\KarinFLiX\app\build\intermediates\merged_res\debug\mergeDebugResources\drawable-nodpi_tut_player.webp.flat
Compiling xml file C:\Users\Brad Wong\Documents\GitHub\KarinFLiX\app\src\main\res\drawable\ic_ear.xml to C:\Users\Brad Wong\Documents\GitHub\KarinFLiX\app\build\intermediates\merged_res\debug\mergeDebugResources\drawable_ic_ear.xml.flat
Compiling xml file C:\Users\Brad Wong\Documents\GitHub\KarinFLiX\app\build\intermediates\incremental\debug\mergeDebugResources\stripped.dir\layout\activity_send_tv.xml to C:\Users\Brad Wong\Documents\GitHub\KarinFLiX\app\build\intermediates\merged_res\debug\mergeDebugResources\layout_activity_send_tv.xml.flat
Compiling xml file C:\Users\Brad Wong\Documents\GitHub\KarinFLiX\app\build\intermediates\incremental\debug\mergeDebugResources\stripped.dir\layout\activity_exo_player_motionx2.xml to C:\Users\Brad Wong\Documents\GitHub\KarinFLiX\app\build\intermediates\merged_res\debug\mergeDebugResources\layout_activity_exo_player_motionx2.xml.flat
Compiling xml file C:\Users\Brad Wong\Documents\GitHub\KarinFLiX\app\src\main\res\drawable\ic_move.xml to C:\Users\Brad Wong\Documents\GitHub\KarinFLiX\app\build\intermediates\merged_res\debug\mergeDebugResources\drawable_ic_move.xml.flat
Compiling xml file C:\Users\Brad Wong\Documents\GitHub\KarinFLiX\app\src\main\res\drawable\ic_cast.xml to C:\Users\Brad Wong\Documents\GitHub\KarinFLiX\app\build\intermediates\merged_res\debug\mergeDebugResources\drawable_ic_cast.xml.flat
Compiling image file C:\Users\Brad Wong\Documents\GitHub\KarinFLiX\app\src\main\res\mipmap-mdpi\ic_launcher_round.png
Compiling file C:\Users\Brad Wong\Documents\GitHub\KarinFLiX\app\src\main\res\mipmap-mdpi\ic_launcher_round.png to C:\Users\Brad Wong\Documents\GitHub\KarinFLiX\app\build\intermediates\merged_res\debug\mergeDebugResources\mipmap-mdpi_ic_launcher_round.png.flat
Compiling image file C:\Users\Brad Wong\Documents\GitHub\KarinFLiX\app\src\main\res\mipmap-hdpi\ic_launcher_foreground.png
Compiling file C:\Users\Brad Wong\Documents\GitHub\KarinFLiX\app\src\main\res\mipmap-hdpi\ic_launcher_foreground.png to C:\Users\Brad Wong\Documents\GitHub\KarinFLiX\app\build\intermediates\merged_res\debug\mergeDebugResources\mipmap-hdpi_ic_launcher_foreground.png.flat
Compiling XML table C:\Users\Brad Wong\Documents\GitHub\KarinFLiX\app\build\intermediates\incremental\debug\mergeDebugResources\merged.dir\values-hdpi-v4\values-hdpi-v4.xml to C:\Users\Brad Wong\Documents\GitHub\KarinFLiX\app\build\intermediates\merged_res\debug\mergeDebugResources\values-hdpi-v4_values-hdpi-v4.arsc.flat
Compiling xml file C:\Users\Brad Wong\Documents\GitHub\KarinFLiX\app\src\main\res\drawable\ic_select_all.xml to C:\Users\Brad Wong\Documents\GitHub\KarinFLiX\app\build\intermediates\merged_res\debug\mergeDebugResources\drawable_ic_select_all.xml.flat
Compiling xml file C:\Users\Brad Wong\Documents\GitHub\KarinFLiX\app\src\main\res\drawable\btn_secondary.xml to C:\Users\Brad Wong\Documents\GitHub\KarinFLiX\app\build\intermediates\merged_res\debug\mergeDebugResources\drawable_btn_secondary.xml.flat
Compiling xml file C:\Users\Brad Wong\Documents\GitHub\KarinFLiX\app\src\main\res\drawable\ic_unlock.xml to C:\Users\Brad Wong\Documents\GitHub\KarinFLiX\app\build\intermediates\merged_res\debug\mergeDebugResources\drawable_ic_unlock.xml.flat
Compiling file C:\Users\Brad Wong\Documents\GitHub\KarinFLiX\app\src\main\res\drawable\variant_futuristic_maid_bodysuit_pink_white_restored.webp to C:\Users\Brad Wong\Documents\GitHub\KarinFLiX\app\build\intermediates\merged_res\debug\mergeDebugResources\drawable_variant_futuristic_maid_bodysuit_pink_white_restored.webp.flat
Compiling xml file C:\Users\Brad Wong\Documents\GitHub\KarinFLiX\app\src\main\res\drawable\ic_pause_filled.xml to C:\Users\Brad Wong\Documents\GitHub\KarinFLiX\app\build\intermediates\merged_res\debug\mergeDebugResources\drawable_ic_pause_filled.xml.flat
Compiling xml file C:\Users\Brad Wong\Documents\GitHub\KarinFLiX\app\src\main\res\drawable\ic_close.xml to C:\Users\Brad Wong\Documents\GitHub\KarinFLiX\app\build\intermediates\merged_res\debug\mergeDebugResources\drawable_ic_close.xml.flat
Compiling xml file C:\Users\Brad Wong\Documents\GitHub\KarinFLiX\app\src\main\res\drawable\ic_gdrive.xml to C:\Users\Brad Wong\Documents\GitHub\KarinFLiX\app\build\intermediates\merged_res\debug\mergeDebugResources\drawable_ic_gdrive.xml.flat
Compiling xml file C:\Users\Brad Wong\Documents\GitHub\KarinFLiX\app\src\main\res\drawable\ic_stats_compare.xml to C:\Users\Brad Wong\Documents\GitHub\KarinFLiX\app\build\intermediates\merged_res\debug\mergeDebugResources\drawable_ic_stats_compare.xml.flat
Compiling XML table C:\Users\Brad Wong\Documents\GitHub\KarinFLiX\app\build\intermediates\incremental\debug\mergeDebugResources\merged.dir\values-pa\values-pa.xml to C:\Users\Brad Wong\Documents\GitHub\KarinFLiX\app\build\intermediates\merged_res\debug\mergeDebugResources\values-pa_values-pa.arsc.flat
Compiling xml file C:\Users\Brad Wong\Documents\GitHub\KarinFLiX\app\src\main\res\drawable\ic_add_circle.xml to C:\Users\Brad Wong\Documents\GitHub\KarinFLiX\app\build\intermediates\merged_res\debug\mergeDebugResources\drawable_ic_add_circle.xml.flat
Compiling file C:\Users\Brad Wong\Documents\GitHub\KarinFLiX\app\src\main\res\drawable\fondo_app.webp to C:\Users\Brad Wong\Documents\GitHub\KarinFLiX\app\build\intermediates\merged_res\debug\mergeDebugResources\drawable_fondo_app.webp.flat
Compiling xml file C:\Users\Brad Wong\Documents\GitHub\KarinFLiX\app\src\main\res\mipmap-anydpi-v26\ic_launcher.xml to C:\Users\Brad Wong\Documents\GitHub\KarinFLiX\app\build\intermediates\merged_res\debug\mergeDebugResources\mipmap-anydpi-v26_ic_launcher.xml.flat
Compiling file C:\Users\Brad Wong\Documents\GitHub\KarinFLiX\app\src\main\res\drawable\chica_gafas_3d_puestas_divertida.webp to C:\Users\Brad Wong\Documents\GitHub\KarinFLiX\app\build\intermediates\merged_res\debug\mergeDebugResources\drawable_chica_gafas_3d_puestas_divertida.webp.flat
Compiling xml file C:\Users\Brad Wong\Documents\GitHub\KarinFLiX\app\build\intermediates\incremental\debug\mergeDebugResources\stripped.dir\layout\activity_glasses_tutorial.xml to C:\Users\Brad Wong\Documents\GitHub\KarinFLiX\app\build\intermediates\merged_res\debug\mergeDebugResources\layout_activity_glasses_tutorial.xml.flat
Compiling xml file C:\Users\Brad Wong\Documents\GitHub\KarinFLiX\app\build\intermediates\incremental\debug\mergeDebugResources\stripped.dir\layout\activity_exo_player.xml to C:\Users\Brad Wong\Documents\GitHub\KarinFLiX\app\build\intermediates\merged_res\debug\mergeDebugResources\layout_activity_exo_player.xml.flat
Compiling XML table C:\Users\Brad Wong\Documents\GitHub\KarinFLiX\app\build\intermediates\incremental\debug\mergeDebugResources\merged.dir\values-gu\values-gu.xml to C:\Users\Brad Wong\Documents\GitHub\KarinFLiX\app\build\intermediates\merged_res\debug\mergeDebugResources\values-gu_values-gu.arsc.flat
Compiling xml file C:\Users\Brad Wong\Documents\GitHub\KarinFLiX\app\src\main\res\drawable\ic_play.xml to C:\Users\Brad Wong\Documents\GitHub\KarinFLiX\app\build\intermediates\merged_res\debug\mergeDebugResources\drawable_ic_play.xml.flat
Compiling xml file C:\Users\Brad Wong\Documents\GitHub\KarinFLiX\app\src\main\res\drawable\ic_nas.xml to C:\Users\Brad Wong\Documents\GitHub\KarinFLiX\app\build\intermediates\merged_res\debug\mergeDebugResources\drawable_ic_nas.xml.flat
Compiling xml file C:\Users\Brad Wong\Documents\GitHub\KarinFLiX\app\src\main\res\drawable\ic_archive.xml to C:\Users\Brad Wong\Documents\GitHub\KarinFLiX\app\build\intermediates\merged_res\debug\mergeDebugResources\drawable_ic_archive.xml.flat
Compiling xml file C:\Users\Brad Wong\Documents\GitHub\KarinFLiX\app\src\main\res\drawable\ic_settings.xml to C:\Users\Brad Wong\Documents\GitHub\KarinFLiX\app\build\intermediates\merged_res\debug\mergeDebugResources\drawable_ic_settings.xml.flat
Compiling xml file C:\Users\Brad Wong\Documents\GitHub\KarinFLiX\app\src\main\res\drawable\ic_back.xml to C:\Users\Brad Wong\Documents\GitHub\KarinFLiX\app\build\intermediates\merged_res\debug\mergeDebugResources\drawable_ic_back.xml.flat
Compiling xml file C:\Users\Brad Wong\Documents\GitHub\KarinFLiX\app\src\main\res\drawable\ic_lan.xml to C:\Users\Brad Wong\Documents\GitHub\KarinFLiX\app\build\intermediates\merged_res\debug\mergeDebugResources\drawable_ic_lan.xml.flat
Compiling file C:\Users\Brad Wong\Documents\GitHub\KarinFLiX\app\src\main\res\drawable\error_page.webp to C:\Users\Brad Wong\Documents\GitHub\KarinFLiX\app\build\intermediates\merged_res\debug\mergeDebugResources\drawable_error_page.webp.flat
Compiling xml file C:\Users\Brad Wong\Documents\GitHub\KarinFLiX\app\src\main\res\drawable\ic_info.xml to C:\Users\Brad Wong\Documents\GitHub\KarinFLiX\app\build\intermediates\merged_res\debug\mergeDebugResources\drawable_ic_info.xml.flat
Compiling xml file C:\Users\Brad Wong\Documents\GitHub\KarinFLiX\app\src\main\res\drawable\tut3d_pulfrich.xml to C:\Users\Brad Wong\Documents\GitHub\KarinFLiX\app\build\intermediates\merged_res\debug\mergeDebugResources\drawable_tut3d_pulfrich.xml.flat
Compiling xml file C:\Users\Brad Wong\Documents\GitHub\KarinFLiX\app\src\main\res\drawable\ic_volume_up.xml to C:\Users\Brad Wong\Documents\GitHub\KarinFLiX\app\build\intermediates\merged_res\debug\mergeDebugResources\drawable_ic_volume_up.xml.flat
Compiling xml file C:\Users\Brad Wong\Documents\GitHub\KarinFLiX\app\src\main\res\drawable\ic_image.xml to C:\Users\Brad Wong\Documents\GitHub\KarinFLiX\app\build\intermediates\merged_res\debug\mergeDebugResources\drawable_ic_image.xml.flat
Compiling xml file C:\Users\Brad Wong\Documents\GitHub\KarinFLiX\app\build\intermediates\incremental\debug\mergeDebugResources\stripped.dir\layout\activity_credits.xml to C:\Users\Brad Wong\Documents\GitHub\KarinFLiX\app\build\intermediates\merged_res\debug\mergeDebugResources\layout_activity_credits.xml.flat
Compiling xml file C:\Users\Brad Wong\Documents\GitHub\KarinFLiX\app\src\main\res\drawable\ic_dropbox.xml to C:\Users\Brad Wong\Documents\GitHub\KarinFLiX\app\build\intermediates\merged_res\debug\mergeDebugResources\drawable_ic_dropbox.xml.flat
Compiling file C:\Users\Brad Wong\Documents\GitHub\KarinFLiX\app\src\main\res\drawable\chica_gatos_3d_poses_manga_extravagante.webp to C:\Users\Brad Wong\Documents\GitHub\KarinFLiX\app\build\intermediates\merged_res\debug\mergeDebugResources\drawable_chica_gatos_3d_poses_manga_extravagante.webp.flat
Compiling xml file C:\Users\Brad Wong\Documents\GitHub\KarinFLiX\app\src\main\res\drawable\bg_icon_btn.xml to C:\Users\Brad Wong\Documents\GitHub\KarinFLiX\app\build\intermediates\merged_res\debug\mergeDebugResources\drawable_bg_icon_btn.xml.flat
Compiling xml file C:\Users\Brad Wong\Documents\GitHub\KarinFLiX\app\src\main\res\drawable\ic_lock_open.xml to C:\Users\Brad Wong\Documents\GitHub\KarinFLiX\app\build\intermediates\merged_res\debug\mergeDebugResources\drawable_ic_lock_open.xml.flat
Compiling xml file C:\Users\Brad Wong\Documents\GitHub\KarinFLiX\app\src\main\res\drawable\bg_tv_seekbar.xml to C:\Users\Brad Wong\Documents\GitHub\KarinFLiX\app\build\intermediates\merged_res\debug\mergeDebugResources\drawable_bg_tv_seekbar.xml.flat
Compiling file C:\Users\Brad Wong\Documents\GitHub\KarinFLiX\app\src\main\res\drawable\chica_gato_comiendo_palomitas_explosion_tv.webp to C:\Users\Brad Wong\Documents\GitHub\KarinFLiX\app\build\intermediates\merged_res\debug\mergeDebugResources\drawable_chica_gato_comiendo_palomitas_explosion_tv.webp.flat
Compiling xml file C:\Users\Brad Wong\Documents\GitHub\KarinFLiX\app\src\main\res\drawable\bg_exo_small_button.xml to C:\Users\Brad Wong\Documents\GitHub\KarinFLiX\app\build\intermediates\merged_res\debug\mergeDebugResources\drawable_bg_exo_small_button.xml.flat
Compiling xml file C:\Users\Brad Wong\Documents\GitHub\KarinFLiX\app\build\intermediates\incremental\debug\mergeDebugResources\stripped.dir\layout\item_calendar_day.xml to C:\Users\Brad Wong\Documents\GitHub\KarinFLiX\app\build\intermediates\merged_res\debug\mergeDebugResources\layout_item_calendar_day.xml.flat
Compiling xml file C:\Users\Brad Wong\Documents\GitHub\KarinFLiX\app\src\main\res\drawable\selector_item_selected.xml to C:\Users\Brad Wong\Documents\GitHub\KarinFLiX\app\build\intermediates\merged_res\debug\mergeDebugResources\drawable_selector_item_selected.xml.flat
Compiling image file C:\Users\Brad Wong\Documents\GitHub\KarinFLiX\app\src\main\res\mipmap-xxhdpi\ic_launcher_foreground.png
Compiling file C:\Users\Brad Wong\Documents\GitHub\KarinFLiX\app\src\main\res\mipmap-xxhdpi\ic_launcher_foreground.png to C:\Users\Brad Wong\Documents\GitHub\KarinFLiX\app\build\intermediates\merged_res\debug\mergeDebugResources\mipmap-xxhdpi_ic_launcher_foreground.png.flat
Compiling xml file C:\Users\Brad Wong\Documents\GitHub\KarinFLiX\app\src\main\res\drawable\bg_tv_chip_active.xml to C:\Users\Brad Wong\Documents\GitHub\KarinFLiX\app\build\intermediates\merged_res\debug\mergeDebugResources\drawable_bg_tv_chip_active.xml.flat
Compiling xml file C:\Users\Brad Wong\Documents\GitHub\KarinFLiX\app\build\intermediates\incremental\debug\mergeDebugResources\stripped.dir\layout\item_calendar_series.xml to C:\Users\Brad Wong\Documents\GitHub\KarinFLiX\app\build\intermediates\merged_res\debug\mergeDebugResources\layout_item_calendar_series.xml.flat
Compiling file C:\Users\Brad Wong\Documents\GitHub\KarinFLiX\app\src\main\res\drawable\logo_latanime.webp to C:\Users\Brad Wong\Documents\GitHub\KarinFLiX\app\build\intermediates\merged_res\debug\mergeDebugResources\drawable_logo_latanime.webp.flat
Compiling image file C:\Users\Brad Wong\Documents\GitHub\KarinFLiX\app\src\main\res\mipmap-xxhdpi\ic_launcher_round.png
Compiling file C:\Users\Brad Wong\Documents\GitHub\KarinFLiX\app\src\main\res\mipmap-xxhdpi\ic_launcher_round.png to C:\Users\Brad Wong\Documents\GitHub\KarinFLiX\app\build\intermediates\merged_res\debug\mergeDebugResources\mipmap-xxhdpi_ic_launcher_round.png.flat
Compiling xml file C:\Users\Brad Wong\Documents\GitHub\KarinFLiX\app\src\main\res\drawable\btn_primary.xml to C:\Users\Brad Wong\Documents\GitHub\KarinFLiX\app\build\intermediates\merged_res\debug\mergeDebugResources\drawable_btn_primary.xml.flat
Compiling xml file C:\Users\Brad Wong\Documents\GitHub\KarinFLiX\app\src\main\res\drawable\bg_card_rounded.xml to C:\Users\Brad Wong\Documents\GitHub\KarinFLiX\app\build\intermediates\merged_res\debug\mergeDebugResources\drawable_bg_card_rounded.xml.flat
Compiling xml file C:\Users\Brad Wong\Documents\GitHub\KarinFLiX\app\src\main\res\drawable\bg_exo_circle_button.xml to C:\Users\Brad Wong\Documents\GitHub\KarinFLiX\app\build\intermediates\merged_res\debug\mergeDebugResources\drawable_bg_exo_circle_button.xml.flat
Compiling xml file C:\Users\Brad Wong\Documents\GitHub\KarinFLiX\app\src\main\res\drawable\ic_assist.xml to C:\Users\Brad Wong\Documents\GitHub\KarinFLiX\app\build\intermediates\merged_res\debug\mergeDebugResources\drawable_ic_assist.xml.flat
Compiling xml file C:\Users\Brad Wong\Documents\GitHub\KarinFLiX\app\build\intermediates\incremental\debug\mergeDebugResources\stripped.dir\layout\activity_karinlink.xml to C:\Users\Brad Wong\Documents\GitHub\KarinFLiX\app\build\intermediates\merged_res\debug\mergeDebugResources\layout_activity_karinlink.xml.flat
Compiling file C:\Users\Brad Wong\Documents\GitHub\KarinFLiX\app\src\main\res\drawable\splash_loading.webp to C:\Users\Brad Wong\Documents\GitHub\KarinFLiX\app\build\intermediates\merged_res\debug\mergeDebugResources\drawable_splash_loading.webp.flat
Compiling xml file C:\Users\Brad Wong\Documents\GitHub\KarinFLiX\app\src\main\res\drawable\bg_card_tv.xml to C:\Users\Brad Wong\Documents\GitHub\KarinFLiX\app\build\intermediates\merged_res\debug\mergeDebugResources\drawable_bg_card_tv.xml.flat
Compiling xml file C:\Users\Brad Wong\Documents\GitHub\KarinFLiX\app\src\main\res\drawable\card_bg_pressed.xml to C:\Users\Brad Wong\Documents\GitHub\KarinFLiX\app\build\intermediates\merged_res\debug\mergeDebugResources\drawable_card_bg_pressed.xml.flat
Compiling xml file C:\Users\Brad Wong\Documents\GitHub\KarinFLiX\app\src\main\res\drawable\ic_lock_outline.xml to C:\Users\Brad Wong\Documents\GitHub\KarinFLiX\app\build\intermediates\merged_res\debug\mergeDebugResources\drawable_ic_lock_outline.xml.flat
Compiling file C:\Users\Brad Wong\Documents\GitHub\KarinFLiX\app\src\main\res\drawable\chica_sofa_tv_3d_gato_palomitas.webp to C:\Users\Brad Wong\Documents\GitHub\KarinFLiX\app\build\intermediates\merged_res\debug\mergeDebugResources\drawable_chica_sofa_tv_3d_gato_palomitas.webp.flat
Compiling xml file C:\Users\Brad Wong\Documents\GitHub\KarinFLiX\app\src\main\res\drawable\bg_res_badge.xml to C:\Users\Brad Wong\Documents\GitHub\KarinFLiX\app\build\intermediates\merged_res\debug\mergeDebugResources\drawable_bg_res_badge.xml.flat
Compiling xml file C:\Users\Brad Wong\Documents\GitHub\KarinFLiX\app\build\intermediates\incremental\debug\mergeDebugResources\stripped.dir\layout\activity_dual_pane.xml to C:\Users\Brad Wong\Documents\GitHub\KarinFLiX\app\build\intermediates\merged_res\debug\mergeDebugResources\layout_activity_dual_pane.xml.flat
Compiling xml file C:\Users\Brad Wong\Documents\GitHub\KarinFLiX\app\build\intermediates\incremental\debug\mergeDebugResources\stripped.dir\layout\activity_karinlink_config.xml to C:\Users\Brad Wong\Documents\GitHub\KarinFLiX\app\build\intermediates\merged_res\debug\mergeDebugResources\layout_activity_karinlink_config.xml.flat
Compiling xml file C:\Users\Brad Wong\Documents\GitHub\KarinFLiX\app\build\intermediates\incremental\debug\mergeDebugResources\stripped.dir\layout\activity_file_explorer.xml to C:\Users\Brad Wong\Documents\GitHub\KarinFLiX\app\build\intermediates\merged_res\debug\mergeDebugResources\layout_activity_file_explorer.xml.flat
Compiling xml file C:\Users\Brad Wong\Documents\GitHub\KarinFLiX\app\src\main\res\drawable\bg_card.xml to C:\Users\Brad Wong\Documents\GitHub\KarinFLiX\app\build\intermediates\merged_res\debug\mergeDebugResources\drawable_bg_card.xml.flat
Compiling xml file C:\Users\Brad Wong\Documents\GitHub\KarinFLiX\app\src\main\res\drawable\bg_action_btn.xml to C:\Users\Brad Wong\Documents\GitHub\KarinFLiX\app\build\intermediates\merged_res\debug\mergeDebugResources\drawable_bg_action_btn.xml.flat
Compiling xml file C:\Users\Brad Wong\Documents\GitHub\KarinFLiX\app\src\main\res\drawable\btn_accept.xml to C:\Users\Brad Wong\Documents\GitHub\KarinFLiX\app\build\intermediates\merged_res\debug\mergeDebugResources\drawable_btn_accept.xml.flat
Compiling xml file C:\Users\Brad Wong\Documents\GitHub\KarinFLiX\app\src\main\res\drawable\ic_help_outline.xml to C:\Users\Brad Wong\Documents\GitHub\KarinFLiX\app\build\intermediates\merged_res\debug\mergeDebugResources\drawable_ic_help_outline.xml.flat
Compiling xml file C:\Users\Brad Wong\Documents\GitHub\KarinFLiX\app\src\main\res\drawable\ic_doc.xml to C:\Users\Brad Wong\Documents\GitHub\KarinFLiX\app\build\intermediates\merged_res\debug\mergeDebugResources\drawable_ic_doc.xml.flat
Compiling image file C:\Users\Brad Wong\Documents\GitHub\KarinFLiX\app\src\main\res\mipmap-xxxhdpi\ic_launcher_foreground.png
Compiling file C:\Users\Brad Wong\Documents\GitHub\KarinFLiX\app\src\main\res\mipmap-xxxhdpi\ic_launcher_foreground.png to C:\Users\Brad Wong\Documents\GitHub\KarinFLiX\app\build\intermediates\merged_res\debug\mergeDebugResources\mipmap-xxxhdpi_ic_launcher_foreground.png.flat
Compiling xml file C:\Users\Brad Wong\Documents\GitHub\KarinFLiX\app\src\main\res\drawable\ic_rewind.xml to C:\Users\Brad Wong\Documents\GitHub\KarinFLiX\app\build\intermediates\merged_res\debug\mergeDebugResources\drawable_ic_rewind.xml.flat
Compiling xml file C:\Users\Brad Wong\Documents\GitHub\KarinFLiX\app\src\main\res\drawable\bg_progress_track.xml to C:\Users\Brad Wong\Documents\GitHub\KarinFLiX\app\build\intermediates\merged_res\debug\mergeDebugResources\drawable_bg_progress_track.xml.flat
Compiling xml file C:\Users\Brad Wong\Documents\GitHub\KarinFLiX\app\src\main\res\drawable\bg_exo_play_button.xml to C:\Users\Brad Wong\Documents\GitHub\KarinFLiX\app\build\intermediates\merged_res\debug\mergeDebugResources\drawable_bg_exo_play_button.xml.flat
Compiling xml file C:\Users\Brad Wong\Documents\GitHub\KarinFLiX\app\src\main\res\drawable\bg_circle_dark.xml to C:\Users\Brad Wong\Documents\GitHub\KarinFLiX\app\build\intermediates\merged_res\debug\mergeDebugResources\drawable_bg_circle_dark.xml.flat
Compiling xml file C:\Users\Brad Wong\Documents\GitHub\KarinFLiX\app\src\main\res\drawable\ic_open_in_new.xml to C:\Users\Brad Wong\Documents\GitHub\KarinFLiX\app\build\intermediates\merged_res\debug\mergeDebugResources\drawable_ic_open_in_new.xml.flat
Compiling xml file C:\Users\Brad Wong\Documents\GitHub\KarinFLiX\app\build\intermediates\incremental\debug\mergeDebugResources\stripped.dir\layout\item_dual_file.xml to C:\Users\Brad Wong\Documents\GitHub\KarinFLiX\app\build\intermediates\merged_res\debug\mergeDebugResources\layout_item_dual_file.xml.flat
Compiling xml file C:\Users\Brad Wong\Documents\GitHub\KarinFLiX\app\src\main\res\drawable\bg_exo_panel.xml to C:\Users\Brad Wong\Documents\GitHub\KarinFLiX\app\build\intermediates\merged_res\debug\mergeDebugResources\drawable_bg_exo_panel.xml.flat
Compiling file C:\Users\Brad Wong\Documents\GitHub\KarinFLiX\app\src\main\res\drawable\terms_bg.webp to C:\Users\Brad Wong\Documents\GitHub\KarinFLiX\app\build\intermediates\merged_res\debug\mergeDebugResources\drawable_terms_bg.webp.flat
Compiling xml file C:\Users\Brad Wong\Documents\GitHub\KarinFLiX\app\src\main\res\xml\remote_service_config.xml to C:\Users\Brad Wong\Documents\GitHub\KarinFLiX\app\build\intermediates\merged_res\debug\mergeDebugResources\xml_remote_service_config.xml.flat
Compiling file C:\Users\Brad Wong\Documents\GitHub\KarinFLiX\app\src\main\res\drawable\output_gatita_1280x720_transparente.webp to C:\Users\Brad Wong\Documents\GitHub\KarinFLiX\app\build\intermediates\merged_res\debug\mergeDebugResources\drawable_output_gatita_1280x720_transparente.webp.flat
Compiling xml file C:\Users\Brad Wong\Documents\GitHub\KarinFLiX\app\build\intermediates\incremental\debug\mergeDebugResources\stripped.dir\layout\item_menu.xml to C:\Users\Brad Wong\Documents\GitHub\KarinFLiX\app\build\intermediates\merged_res\debug\mergeDebugResources\layout_item_menu.xml.flat
Compiling xml file C:\Users\Brad Wong\Documents\GitHub\KarinFLiX\app\src\main\res\drawable\bg_green_dot.xml to C:\Users\Brad Wong\Documents\GitHub\KarinFLiX\app\build\intermediates\merged_res\debug\mergeDebugResources\drawable_bg_green_dot.xml.flat
Compiling xml file C:\Users\Brad Wong\Documents\GitHub\KarinFLiX\app\src\main\res\drawable\ic_paste.xml to C:\Users\Brad Wong\Documents\GitHub\KarinFLiX\app\build\intermediates\merged_res\debug\mergeDebugResources\drawable_ic_paste.xml.flat
Compiling file C:\Users\Brad Wong\Documents\GitHub\KarinFLiX\app\src\main\res\drawable-nodpi\tut_site.webp to C:\Users\Brad Wong\Documents\GitHub\KarinFLiX\app\build\intermediates\merged_res\debug\mergeDebugResources\drawable-nodpi_tut_site.webp.flat
Compiling xml file C:\Users\Brad Wong\Documents\GitHub\KarinFLiX\app\src\main\res\drawable\ic_rename.xml to C:\Users\Brad Wong\Documents\GitHub\KarinFLiX\app\build\intermediates\merged_res\debug\mergeDebugResources\drawable_ic_rename.xml.flat
Compiling xml file C:\Users\Brad Wong\Documents\GitHub\KarinFLiX\app\src\main\res\drawable\ic_cloud.xml to C:\Users\Brad Wong\Documents\GitHub\KarinFLiX\app\build\intermediates\merged_res\debug\mergeDebugResources\drawable_ic_cloud.xml.flat
Compiling file C:\Users\Brad Wong\Documents\GitHub\KarinFLiX\app\src\main\res\drawable\chica_furiosa_gato_se_comio_palomitas.webp to C:\Users\Brad Wong\Documents\GitHub\KarinFLiX\app\build\intermediates\merged_res\debug\mergeDebugResources\drawable_chica_furiosa_gato_se_comio_palomitas.webp.flat
Compiling xml file C:\Users\Brad Wong\Documents\GitHub\KarinFLiX\app\src\main\res\drawable\bg_recommended.xml to C:\Users\Brad Wong\Documents\GitHub\KarinFLiX\app\build\intermediates\merged_res\debug\mergeDebugResources\drawable_bg_recommended.xml.flat
Compiling xml file C:\Users\Brad Wong\Documents\GitHub\KarinFLiX\app\build\intermediates\incremental\debug\mergeDebugResources\stripped.dir\layout\dialog_servers.xml to C:\Users\Brad Wong\Documents\GitHub\KarinFLiX\app\build\intermediates\merged_res\debug\mergeDebugResources\layout_dialog_servers.xml.flat
Compiling xml file C:\Users\Brad Wong\Documents\GitHub\KarinFLiX\app\src\main\res\drawable\ic_chevron_right.xml to C:\Users\Brad Wong\Documents\GitHub\KarinFLiX\app\build\intermediates\merged_res\debug\mergeDebugResources\drawable_ic_chevron_right.xml.flat
Compiling xml file C:\Users\Brad Wong\Documents\GitHub\KarinFLiX\app\build\intermediates\incremental\debug\mergeDebugResources\stripped.dir\layout\activity_splash.xml to C:\Users\Brad Wong\Documents\GitHub\KarinFLiX\app\build\intermediates\merged_res\debug\mergeDebugResources\layout_activity_splash.xml.flat
Compiling xml file C:\Users\Brad Wong\Documents\GitHub\KarinFLiX\app\build\intermediates\incremental\debug\mergeDebugResources\stripped.dir\layout\item_continue_watching.xml to C:\Users\Brad Wong\Documents\GitHub\KarinFLiX\app\build\intermediates\merged_res\debug\mergeDebugResources\layout_item_continue_watching.xml.flat
Compiling xml file C:\Users\Brad Wong\Documents\GitHub\KarinFLiX\app\src\main\res\drawable\bg_storage_card.xml to C:\Users\Brad Wong\Documents\GitHub\KarinFLiX\app\build\intermediates\merged_res\debug\mergeDebugResources\drawable_bg_storage_card.xml.flat
Compiling xml file C:\Users\Brad Wong\Documents\GitHub\KarinFLiX\app\build\intermediates\incremental\debug\mergeDebugResources\stripped.dir\layout\item_episode_card.xml to C:\Users\Brad Wong\Documents\GitHub\KarinFLiX\app\build\intermediates\merged_res\debug\mergeDebugResources\layout_item_episode_card.xml.flat
Compiling xml file C:\Users\Brad Wong\Documents\GitHub\KarinFLiX\app\build\intermediates\incremental\debug\mergeDebugResources\stripped.dir\layout\activity_remote.xml to C:\Users\Brad Wong\Documents\GitHub\KarinFLiX\app\build\intermediates\merged_res\debug\mergeDebugResources\layout_activity_remote.xml.flat
Compiling image file C:\Users\Brad Wong\Documents\GitHub\KarinFLiX\app\src\main\res\mipmap-xxxhdpi\ic_launcher_round.png
Compiling file C:\Users\Brad Wong\Documents\GitHub\KarinFLiX\app\src\main\res\mipmap-xxxhdpi\ic_launcher_round.png to C:\Users\Brad Wong\Documents\GitHub\KarinFLiX\app\build\intermediates\merged_res\debug\mergeDebugResources\mipmap-xxxhdpi_ic_launcher_round.png.flat
Compiling xml file C:\Users\Brad Wong\Documents\GitHub\KarinFLiX\app\src\main\res\drawable\bg_exo_panel_loading.xml to C:\Users\Brad Wong\Documents\GitHub\KarinFLiX\app\build\intermediates\merged_res\debug\mergeDebugResources\drawable_bg_exo_panel_loading.xml.flat
Compiling xml file C:\Users\Brad Wong\Documents\GitHub\KarinFLiX\app\src\main\res\drawable\ic_search.xml to C:\Users\Brad Wong\Documents\GitHub\KarinFLiX\app\build\intermediates\merged_res\debug\mergeDebugResources\drawable_ic_search.xml.flat
Compiling xml file C:\Users\Brad Wong\Documents\GitHub\KarinFLiX\app\src\main\res\drawable\ic_grid.xml to C:\Users\Brad Wong\Documents\GitHub\KarinFLiX\app\build\intermediates\merged_res\debug\mergeDebugResources\drawable_ic_grid.xml.flat
Compiling xml file C:\Users\Brad Wong\Documents\GitHub\KarinFLiX\app\src\main\res\drawable\ic_forward.xml to C:\Users\Brad Wong\Documents\GitHub\KarinFLiX\app\build\intermediates\merged_res\debug\mergeDebugResources\drawable_ic_forward.xml.flat
Compiling xml file C:\Users\Brad Wong\Documents\GitHub\KarinFLiX\app\src\main\res\drawable\ic_network_smb.xml to C:\Users\Brad Wong\Documents\GitHub\KarinFLiX\app\build\intermediates\merged_res\debug\mergeDebugResources\drawable_ic_network_smb.xml.flat
Compiling xml file C:\Users\Brad Wong\Documents\GitHub\KarinFLiX\app\build\intermediates\incremental\debug\mergeDebugResources\stripped.dir\layout\item_file_medium.xml to C:\Users\Brad Wong\Documents\GitHub\KarinFLiX\app\build\intermediates\merged_res\debug\mergeDebugResources\layout_item_file_medium.xml.flat
Compiling xml file C:\Users\Brad Wong\Documents\GitHub\KarinFLiX\app\src\main\res\drawable\ic_folder.xml to C:\Users\Brad Wong\Documents\GitHub\KarinFLiX\app\build\intermediates\merged_res\debug\mergeDebugResources\drawable_ic_folder.xml.flat
Compiling xml file C:\Users\Brad Wong\Documents\GitHub\KarinFLiX\app\build\intermediates\incremental\debug\mergeDebugResources\stripped.dir\layout\activity_error.xml to C:\Users\Brad Wong\Documents\GitHub\KarinFLiX\app\build\intermediates\merged_res\debug\mergeDebugResources\layout_activity_error.xml.flat
Compiling xml file C:\Users\Brad Wong\Documents\GitHub\KarinFLiX\app\build\intermediates\incremental\debug\mergeDebugResources\stripped.dir\layout\player_control_view.xml to C:\Users\Brad Wong\Documents\GitHub\KarinFLiX\app\build\intermediates\merged_res\debug\mergeDebugResources\layout_player_control_view.xml.flat
Compiling image file C:\Users\Brad Wong\Documents\GitHub\KarinFLiX\app\src\main\res\mipmap-xhdpi\ic_launcher_foreground.png
Compiling file C:\Users\Brad Wong\Documents\GitHub\KarinFLiX\app\src\main\res\mipmap-xhdpi\ic_launcher_foreground.png to C:\Users\Brad Wong\Documents\GitHub\KarinFLiX\app\build\intermediates\merged_res\debug\mergeDebugResources\mipmap-xhdpi_ic_launcher_foreground.png.flat
Compiling xml file C:\Users\Brad Wong\Documents\GitHub\KarinFLiX\app\src\main\res\drawable\ic_sun.xml to C:\Users\Brad Wong\Documents\GitHub\KarinFLiX\app\build\intermediates\merged_res\debug\mergeDebugResources\drawable_ic_sun.xml.flat
Compiling xml file C:\Users\Brad Wong\Documents\GitHub\KarinFLiX\app\src\main\res\drawable\ic_aspect_ratio.xml to C:\Users\Brad Wong\Documents\GitHub\KarinFLiX\app\build\intermediates\merged_res\debug\mergeDebugResources\drawable_ic_aspect_ratio.xml.flat
Compiling xml file C:\Users\Brad Wong\Documents\GitHub\KarinFLiX\app\build\intermediates\incremental\debug\mergeDebugResources\stripped.dir\layout\item_search_result.xml to C:\Users\Brad Wong\Documents\GitHub\KarinFLiX\app\build\intermediates\merged_res\debug\mergeDebugResources\layout_item_search_result.xml.flat
Compiling xml file C:\Users\Brad Wong\Documents\GitHub\KarinFLiX\app\build\intermediates\incremental\debug\mergeDebugResources\stripped.dir\layout\item_file_detail.xml to C:\Users\Brad Wong\Documents\GitHub\KarinFLiX\app\build\intermediates\merged_res\debug\mergeDebugResources\layout_item_file_detail.xml.flat
Compiling xml file C:\Users\Brad Wong\Documents\GitHub\KarinFLiX\app\src\main\res\drawable\ic_glasses.xml to C:\Users\Brad Wong\Documents\GitHub\KarinFLiX\app\build\intermediates\merged_res\debug\mergeDebugResources\drawable_ic_glasses.xml.flat
Compiling xml file C:\Users\Brad Wong\Documents\GitHub\KarinFLiX\app\src\main\res\drawable\ic_facebook.xml to C:\Users\Brad Wong\Documents\GitHub\KarinFLiX\app\build\intermediates\merged_res\debug\mergeDebugResources\drawable_ic_facebook.xml.flat
Compiling xml file C:\Users\Brad Wong\Documents\GitHub\KarinFLiX\app\src\main\res\drawable\ic_arrow_back.xml to C:\Users\Brad Wong\Documents\GitHub\KarinFLiX\app\build\intermediates\merged_res\debug\mergeDebugResources\drawable_ic_arrow_back.xml.flat
Compiling xml file C:\Users\Brad Wong\Documents\GitHub\KarinFLiX\app\src\main\res\drawable\ic_audio.xml to C:\Users\Brad Wong\Documents\GitHub\KarinFLiX\app\build\intermediates\merged_res\debug\mergeDebugResources\drawable_ic_audio.xml.flat
Compiling xml file C:\Users\Brad Wong\Documents\GitHub\KarinFLiX\app\build\intermediates\incremental\debug\mergeDebugResources\stripped.dir\layout\activity_series_detail.xml to C:\Users\Brad Wong\Documents\GitHub\KarinFLiX\app\build\intermediates\merged_res\debug\mergeDebugResources\layout_activity_series_detail.xml.flat
Compiling xml file C:\Users\Brad Wong\Documents\GitHub\KarinFLiX\app\src\main\res\drawable\ic_flash_on.xml to C:\Users\Brad Wong\Documents\GitHub\KarinFLiX\app\build\intermediates\merged_res\debug\mergeDebugResources\drawable_ic_flash_on.xml.flat
Compiling xml file C:\Users\Brad Wong\Documents\GitHub\KarinFLiX\app\src\main\res\drawable\ic_file.xml to C:\Users\Brad Wong\Documents\GitHub\KarinFLiX\app\build\intermediates\merged_res\debug\mergeDebugResources\drawable_ic_file.xml.flat
Compiling xml file C:\Users\Brad Wong\Documents\GitHub\KarinFLiX\app\src\main\res\drawable\card_bg_focused.xml to C:\Users\Brad Wong\Documents\GitHub\KarinFLiX\app\build\intermediates\merged_res\debug\mergeDebugResources\drawable_card_bg_focused.xml.flat
Compiling xml file C:\Users\Brad Wong\Documents\GitHub\KarinFLiX\app\src\main\res\drawable\ic_smartphone.xml to C:\Users\Brad Wong\Documents\GitHub\KarinFLiX\app\build\intermediates\merged_res\debug\mergeDebugResources\drawable_ic_smartphone.xml.flat
Compiling xml file C:\Users\Brad Wong\Documents\GitHub\KarinFLiX\app\src\main\res\drawable\ic_pause.xml to C:\Users\Brad Wong\Documents\GitHub\KarinFLiX\app\build\intermediates\merged_res\debug\mergeDebugResources\drawable_ic_pause.xml.flat
Compiling file C:\Users\Brad Wong\Documents\GitHub\KarinFLiX\app\src\main\res\drawable\sakura_maid_cafe_scene.webp to C:\Users\Brad Wong\Documents\GitHub\KarinFLiX\app\build\intermediates\merged_res\debug\mergeDebugResources\drawable_sakura_maid_cafe_scene.webp.flat
Compiling XML table C:\Users\Brad Wong\Documents\GitHub\KarinFLiX\app\build\intermediates\incremental\debug\mergeDebugResources\merged.dir\values-ldltr-v21\values-ldltr-v21.xml to C:\Users\Brad Wong\Documents\GitHub\KarinFLiX\app\build\intermediates\merged_res\debug\mergeDebugResources\values-ldltr-v21_values-ldltr-v21.arsc.flat
Compiling XML table C:\Users\Brad Wong\Documents\GitHub\KarinFLiX\app\build\intermediates\incremental\debug\mergeDebugResources\merged.dir\values-ar\values-ar.xml to C:\Users\Brad Wong\Documents\GitHub\KarinFLiX\app\build\intermediates\merged_res\debug\mergeDebugResources\values-ar_values-ar.arsc.flat
Compiling XML table C:\Users\Brad Wong\Documents\GitHub\KarinFLiX\app\build\intermediates\incremental\debug\mergeDebugResources\merged.dir\values-zu\values-zu.xml to C:\Users\Brad Wong\Documents\GitHub\KarinFLiX\app\build\intermediates\merged_res\debug\mergeDebugResources\values-zu_values-zu.arsc.flat
Compiling XML table C:\Users\Brad Wong\Documents\GitHub\KarinFLiX\app\build\intermediates\incremental\debug\mergeDebugResources\merged.dir\values-v31\values-v31.xml to C:\Users\Brad Wong\Documents\GitHub\KarinFLiX\app\build\intermediates\merged_res\debug\mergeDebugResources\values-v31_values-v31.arsc.flat
Compiling XML table C:\Users\Brad Wong\Documents\GitHub\KarinFLiX\app\build\intermediates\incremental\debug\mergeDebugResources\merged.dir\values-sv\values-sv.xml to C:\Users\Brad Wong\Documents\GitHub\KarinFLiX\app\build\intermediates\merged_res\debug\mergeDebugResources\values-sv_values-sv.arsc.flat
Compiling XML table C:\Users\Brad Wong\Documents\GitHub\KarinFLiX\app\build\intermediates\incremental\debug\mergeDebugResources\merged.dir\values-da\values-da.xml to C:\Users\Brad Wong\Documents\GitHub\KarinFLiX\app\build\intermediates\merged_res\debug\mergeDebugResources\values-da_values-da.arsc.flat
Compiling XML table C:\Users\Brad Wong\Documents\GitHub\KarinFLiX\app\build\intermediates\incremental\debug\mergeDebugResources\merged.dir\values-mk\values-mk.xml to C:\Users\Brad Wong\Documents\GitHub\KarinFLiX\app\build\intermediates\merged_res\debug\mergeDebugResources\values-mk_values-mk.arsc.flat
Compiling XML table C:\Users\Brad Wong\Documents\GitHub\KarinFLiX\app\build\intermediates\incremental\debug\mergeDebugResources\merged.dir\values-eu\values-eu.xml to C:\Users\Brad Wong\Documents\GitHub\KarinFLiX\app\build\intermediates\merged_res\debug\mergeDebugResources\values-eu_values-eu.arsc.flat
Compiling XML table C:\Users\Brad Wong\Documents\GitHub\KarinFLiX\app\build\intermediates\incremental\debug\mergeDebugResources\merged.dir\values-en-rXC\values-en-rXC.xml to C:\Users\Brad Wong\Documents\GitHub\KarinFLiX\app\build\intermediates\merged_res\debug\mergeDebugResources\values-en-rXC_values-en-rXC.arsc.flat
Compiling XML table C:\Users\Brad Wong\Documents\GitHub\KarinFLiX\app\build\intermediates\incremental\debug\mergeDebugResources\merged.dir\values-sw360dp-v13\values-sw360dp-v13.xml to C:\Users\Brad Wong\Documents\GitHub\KarinFLiX\app\build\intermediates\merged_res\debug\mergeDebugResources\values-sw360dp-v13_values-sw360dp-v13.arsc.flat
Compiling xml file C:\Users\Brad Wong\Documents\GitHub\KarinFLiX\app\src\main\res\drawable\ic_sd.xml to C:\Users\Brad Wong\Documents\GitHub\KarinFLiX\app\build\intermediates\merged_res\debug\mergeDebugResources\drawable_ic_sd.xml.flat
Compiling xml file C:\Users\Brad Wong\Documents\GitHub\KarinFLiX\app\src\main\res\drawable\ic_credits.xml to C:\Users\Brad Wong\Documents\GitHub\KarinFLiX\app\build\intermediates\merged_res\debug\mergeDebugResources\drawable_ic_credits.xml.flat
Compiling xml file C:\Users\Brad Wong\Documents\GitHub\KarinFLiX\app\src\main\res\drawable\ic_anime.xml to C:\Users\Brad Wong\Documents\GitHub\KarinFLiX\app\build\intermediates\merged_res\debug\mergeDebugResources\drawable_ic_anime.xml.flat
Compiling xml file C:\Users\Brad Wong\Documents\GitHub\KarinFLiX\app\src\main\res\drawable\ic_forward_10.xml to C:\Users\Brad Wong\Documents\GitHub\KarinFLiX\app\build\intermediates\merged_res\debug\mergeDebugResources\drawable_ic_forward_10.xml.flat
Compiling xml file C:\Users\Brad Wong\Documents\GitHub\KarinFLiX\app\src\main\res\drawable\tut3d_anaglyph.xml to C:\Users\Brad Wong\Documents\GitHub\KarinFLiX\app\build\intermediates\merged_res\debug\mergeDebugResources\drawable_tut3d_anaglyph.xml.flat
Compiling xml file C:\Users\Brad Wong\Documents\GitHub\KarinFLiX\app\src\main\res\drawable\ic_fullscreen_exit.xml to C:\Users\Brad Wong\Documents\GitHub\KarinFLiX\app\build\intermediates\merged_res\debug\mergeDebugResources\drawable_ic_fullscreen_exit.xml.flat
Compiling image file C:\Users\Brad Wong\Documents\GitHub\KarinFLiX\app\src\main\res\mipmap-xxxhdpi\ic_launcher.png
Compiling file C:\Users\Brad Wong\Documents\GitHub\KarinFLiX\app\src\main\res\mipmap-xxxhdpi\ic_launcher.png to C:\Users\Brad Wong\Documents\GitHub\KarinFLiX\app\build\intermediates\merged_res\debug\mergeDebugResources\mipmap-xxxhdpi_ic_launcher.png.flat
Compiling xml file C:\Users\Brad Wong\Documents\GitHub\KarinFLiX\app\src\main\res\drawable\bg_selected.xml to C:\Users\Brad Wong\Documents\GitHub\KarinFLiX\app\build\intermediates\merged_res\debug\mergeDebugResources\drawable_bg_selected.xml.flat
Compiling xml file C:\Users\Brad Wong\Documents\GitHub\KarinFLiX\app\src\main\res\drawable\ic_copy.xml to C:\Users\Brad Wong\Documents\GitHub\KarinFLiX\app\build\intermediates\merged_res\debug\mergeDebugResources\drawable_ic_copy.xml.flat
Compiling xml file C:\Users\Brad Wong\Documents\GitHub\KarinFLiX\app\src\main\res\xml\file_paths.xml to C:\Users\Brad Wong\Documents\GitHub\KarinFLiX\app\build\intermediates\merged_res\debug\mergeDebugResources\xml_file_paths.xml.flat
Compiling image file C:\Users\Brad Wong\Documents\GitHub\KarinFLiX\app\src\main\res\mipmap-xhdpi\ic_launcher.png
Compiling file C:\Users\Brad Wong\Documents\GitHub\KarinFLiX\app\src\main\res\mipmap-xhdpi\ic_launcher.png to C:\Users\Brad Wong\Documents\GitHub\KarinFLiX\app\build\intermediates\merged_res\debug\mergeDebugResources\mipmap-xhdpi_ic_launcher.png.flat
Compiling xml file C:\Users\Brad Wong\Documents\GitHub\KarinFLiX\app\src\main\res\drawable\bg_icon_circle.xml to C:\Users\Brad Wong\Documents\GitHub\KarinFLiX\app\build\intermediates\merged_res\debug\mergeDebugResources\drawable_bg_icon_circle.xml.flat
Compiling image file C:\Users\Brad Wong\Documents\GitHub\KarinFLiX\app\src\main\res\mipmap-hdpi\ic_launcher.png
Compiling file C:\Users\Brad Wong\Documents\GitHub\KarinFLiX\app\src\main\res\mipmap-hdpi\ic_launcher.png to C:\Users\Brad Wong\Documents\GitHub\KarinFLiX\app\build\intermediates\merged_res\debug\mergeDebugResources\mipmap-hdpi_ic_launcher.png.flat
Compiling xml file C:\Users\Brad Wong\Documents\GitHub\KarinFLiX\app\build\intermediates\incremental\debug\mergeDebugResources\stripped.dir\layout\item_folder.xml to C:\Users\Brad Wong\Documents\GitHub\KarinFLiX\app\build\intermediates\merged_res\debug\mergeDebugResources\layout_item_folder.xml.flat
Compiling xml file C:\Users\Brad Wong\Documents\GitHub\KarinFLiX\app\build\intermediates\incremental\debug\mergeDebugResources\stripped.dir\layout\activity_onboarding.xml to C:\Users\Brad Wong\Documents\GitHub\KarinFLiX\app\build\intermediates\merged_res\debug\mergeDebugResources\layout_activity_onboarding.xml.flat
Compiling xml file C:\Users\Brad Wong\Documents\GitHub\KarinFLiX\app\src\main\res\drawable\bg_exo_panel_tv.xml to C:\Users\Brad Wong\Documents\GitHub\KarinFLiX\app\build\intermediates\merged_res\debug\mergeDebugResources\drawable_bg_exo_panel_tv.xml.flat
Compiling xml file C:\Users\Brad Wong\Documents\GitHub\KarinFLiX\app\src\main\res\drawable\ic_network.xml to C:\Users\Brad Wong\Documents\GitHub\KarinFLiX\app\build\intermediates\merged_res\debug\mergeDebugResources\drawable_ic_network.xml.flat
Compiling xml file C:\Users\Brad Wong\Documents\GitHub\KarinFLiX\app\src\main\res\drawable\ic_sort.xml to C:\Users\Brad Wong\Documents\GitHub\KarinFLiX\app\build\intermediates\merged_res\debug\mergeDebugResources\drawable_ic_sort.xml.flat
Build 3b9703a8-6dc8-4d3c-8861-c9496460b22c is closed

[Incubating] Problems report is available at: file:///C:/Users/Brad%20Wong/Documents/GitHub/KarinFLiX/build/reports/problems/problems-report.html

Deprecated Gradle features were used in this build, making it incompatible with Gradle 9.0.

You can use '--warning-mode all' to show the individual deprecation warnings and determine if they come from your own scripts or plugins.

For more on this, please refer to https://docs.gradle.org/8.12/userguide/command_line_interface.html#sec:command_line_warnings in the Gradle documentation.

BUILD SUCCESSFUL in 5s
3 actionable tasks: 1 executed, 2 up-to-date
Watched directory hierarchies: [C:\Users\Brad Wong\Documents\GitHub\KarinFLiX]
